,REFSEQ,N_lfc,NLS_lfc,ISO
1,NP_000091.1,-1.12109378604954,-1.24920503259112,NM_000100.4
2,NP_000095.2,-1.26798938738592,-1.1560152000666,NM_000104.4
3,NP_000134.2,-1.14197402723565,-1.24411478484915,NM_000143.4
4,NP_000150.1,-1.5282703741687,-1.759494454879,NM_000159.4
5,NP_000156.1,-1.52108536441089,-1.69718874864258,NM_000165.5
6,NP_000161.2,-0.689536727298616,-0.671917814310555,NM_000170.3
7,NP_000185.1,-0.79983768981739,-1.16117731218807,NM_000194.3
8,NP_000285.1,-0.712194906890741,-0.794077928867295,NM_000294.3
9,NP_000308.1,-0.839020793219236,-1.02494333150025,NM_000317.3
10,NP_000364.1,-1.25778434622522,-1.07394969274709,NM_000373.4
11,NP_000367.1,2.86557869710501,2.91664870620287,NM_000376.3
12,NP_000377.1,-0.841955476521985,-0.8302024075144,NM_000386.4
13,NP_000513.2,-1.21152775472614,-1.3640601085397,NM_000522.5
14,NP_000516.3,1.44976441333324,1.25332688208762,NM_000525.4
15,NP_000545.1,1.0298801135643,0.840086861617317,NM_000554.6
16,NP_000662.3,-1.14685687259777,-1.14247077570547,NM_000671.4
17,NP_000840.2,-0.767134419830483,-1.01347729410249,NM_000849.5
18,NP_000843.1,-0.670913863473667,-0.745030418971251,NM_000852.4
19,NP_000867.3,-0.648512828401434,-0.8453888648328,NM_000876.4
20,NP_000902.3,0.584231002972641,0.672068587817767,NM_000911.4
21,NP_000928.1,-0.570208002420811,-0.589081033819421,NM_000937.5
22,NP_000934.1,-1.17269056185691,-1.71498952991405,NM_000943.5
23,NP_000992.1,-0.737714929261166,-0.864914285992294,NM_001001.5
24,NP_001001790.1,-1.14997800948369,-1.01047259968902,NM_001001790.3
25,NP_001002926.1,-0.987442197476898,-0.902911290732441,NM_001002926.2
26,NP_001003684.1,-0.99980052718731,-1.26472216806032,NM_001003684.2
27,NP_001004333.3,-0.684605594517485,-0.74556713869672,NM_001004333.5
28,NP_001004456.1,0.957531293247973,1.0801324737956,NM_001004456.2
29,NP_001004466.1,0.619027084210531,0.492251694369357,NM_001004466.2
30,NP_001004490.1,1.93450017909319,1.43420468762213,NM_001004490.2
31,NP_001004492.1,1.02250858317247,1.03310139825002,NM_001004492.2
32,NP_001004689.1,-0.964749197543111,-0.952307939645472,NM_001004689.2
33,NP_001005465.1,1.10146730743677,1.17776546292039,NM_001005465.2
34,NP_001005493.1,2.14101057649194,2.38552199762975,NM_001005493.2
35,NP_001007539.1,-1.09070089746271,-1.20947663543962,NM_001007538.2
36,NP_001010858.2,-0.703497235846475,-0.985322848668165,NM_001010858.3
37,NP_001010866.1,-1.1153049209096,-1.15866881782076,NM_001010866.4
38,NP_001010891.4,1.75584307193686,1.54473703938053,NM_001010891.5
39,NP_001013685.1,-1.0771633335603,-1.13336030760683,NM_001013663.2
40,NP_001014305.1,4.06556135000559,4.06622050503976,NM_001014283.2
41,NP_001017.1,-1.28013500172082,-1.16588379586123,NM_001026.5
42,NP_001017535.1,4.79352617751603,4.17707983032426,NM_001017535.2
43,NP_001017536.1,2.16134404061454,2.36419976879959,NM_001017536.2
44,NP_001019.1,-0.645774978955228,-0.869720731867831,NM_001028.3
45,NP_001020.2,-0.828953413883019,-0.903914236786333,NM_001029.5
46,NP_001020262.1,-1.21111533282961,-1.2201967904809,NM_001025091.2
47,NP_001020418.1,-0.797889327231858,-0.881364854572309,NM_001025247.2
48,NP_001025189.1,-0.987151227316518,-0.949650247803303,NM_001030018.2
49,NP_001025231.1,0.942153750283889,0.868555514439429,NM_001030060.3
50,NP_001026916.2,1.78549496029432,1.809291618893,NM_001031746.5
51,NP_001026974.1,-1.25806687774211,-1.62560431693215,NM_001031804.3
52,NP_001034933.1,1.21023638350805,1.06786237073106,NM_001039844.3
53,NP_001035521.1,-0.998049876945233,-1.17012018952248,NM_001040431.3
54,NP_001035830.1,-0.673149084437178,-0.762331901841897,NM_001042371.3
55,NP_001036068.1,-0.663000043358817,-0.84614962846691,NM_001042603.3
56,NP_001041714.1,-1.15964159217546,-0.955470701877368,NM_001048249.4
57,NP_001061.2,-0.594837708389818,-0.757213449547974,NM_001070.5
58,NP_001065243.1,-0.681298098579851,-0.91271670096627,NM_001071775.3
59,NP_001070664.1,1.9659909879442,2.24508272401764,NM_001077196.2
60,NP_001070665.1,2.5321640065615,2.50771822461239,NM_001077197.2
61,NP_001070826.1,2.19414961496457,2.15809671502064,NM_001077358.2
62,NP_001070867.1,-0.896717647772121,-0.974187808308904,NM_001077399.3
63,NP_001071639.1,-0.885853114889176,-1.25490244096624,NM_001078171.2
64,NP_001071641.1,-0.950141506483544,-1.0200111806989,NM_001078173.2
65,NP_001073583.1,1.93190524289324,1.72680008721999,NM_001080114.2
66,NP_001073970.1,-0.783732030121158,-0.830892753818374,NM_001080501.3
67,NP_001078869.1,1.33125612634838,1.43136991988868,NM_001085400.2
68,NP_001087194.1,-0.716440506432609,-0.946601011565028,NM_001093725.2
69,NP_001092.1,-0.870766624924432,-1.00035470400789,NM_001101.5
70,NP_001092314.1,1.31549426692711,1.39643276414388,NM_001098844.3
71,NP_001093163.1,-0.863165856320986,-1.23176615930373,NM_001099693.2
72,NP_001094299.1,-0.668428961259188,-0.905337311074758,NM_001100829.3
73,NP_001096624.1,0.979014939535457,1.09842559196873,NM_001103154.2
74,NP_001099043.1,-0.54549964306113,-0.61550485729733,NM_001105573.2
75,NP_001107605.1,1.8636023145226,2.08154032922849,NM_001114133.3
76,NP_001107875.1,-0.790829741340103,-0.825122915821367,NM_001114403.3
77,NP_001108624.1,2.07154890416422,2.52885451804255,NM_001115152.2
78,NP_001118239.1,-0.77792673242953,-0.863057237458117,NM_001124767.2
79,NP_001122402.1,2.22299346485033,1.94570934570043,NM_001128930.3
80,NP_001123544.1,0.806503804362915,1.00538849288766,NM_001130072.2
81,NP_001124401.1,-0.808046091562797,-0.844803825591661,NM_001130929.2
82,NP_001127704.1,1.60016134131081,1.22805130684786,NM_001134232.2
83,NP_001127872.1,1.9891517915429,2.17302066348471,NM_001134400.2
84,NP_001127875.1,2.00517985564505,2.44004388712827,NM_001134403.2
85,NP_001128131.1,1.05379040098531,1.1655846420042,NM_001134659.1
86,NP_001129047.1,-0.678211846973886,-0.93897788835262,NM_001135575.2
87,NP_001129734.1,-0.870265740380089,-1.16436076744653,NM_001136262.2
88,NP_001135858.1,-0.659478708669218,-0.814361510615855,NM_001142386.3
89,NP_001136120.1,2.57139836828632,2.45654250831911,NM_001142648.2
90,NP_001138722.1,-1.19491744112425,-1.48747500904155,NM_001145250.2
91,NP_001138922.2,-0.983406476618225,-0.854989968989243,NM_001145450.3
92,NP_001139423.1,2.31836884642534,2.45925987955473,NM_001145951.2
93,NP_001142.2,-0.771746194548277,-0.984274725901248,NM_001151.4
94,NP_001143.2,-0.813278115774601,-1.0532327623939,NM_001152.5
95,NP_001145.1,-0.623611594238049,-0.607079453118771,NM_001154.4
96,NP_001153480.1,1.56545808115471,1.35047646154224,NM_001160008.2
97,NP_001156896.1,-0.910711307839265,-0.867669934095173,NM_001163424.2
98,NP_001156910.1,-1.12430921091662,-1.14471045165906,NM_001163438.2
99,NP_001157918.1,1.4883451974345,1.53441190102091,NM_001164446.3
100,NP_001158275.1,-0.681863360200479,-0.916037679685899,NM_001164803.2
101,NP_001159354.1,1.62755904028335,1.431466769032,NM_001165882.3
102,NP_001164164.1,1.55653039058636,1.5533304421517,NM_001170693.2
103,NP_001166284.1,1.54426116565739,1.68523460078111,NM_001172813.2
104,NP_001167460.1,-1.31747953685639,-1.52441148496579,NM_001173989.4
105,NP_001171476.1,1.50861791840127,1.35648259232205,NM_001178005.2
106,NP_001171600.1,1.86091855859324,1.9361312428577,NM_001178129.2
107,NP_001171821.1,-0.799601597754868,-0.822952470108366,NM_001184892.2
108,NP_001177962.1,0.744769365861517,0.831990334574071,NM_001191033.2
109,NP_001180233.1,2.97156930420891,2.78736946722319,NM_001193304.3
110,NP_001182356.1,-1.1984701980707,-1.32014038004712,NM_001195427.2
111,NP_001182728.1,2.52307554097101,2.01070482656862,NM_001195799.2
112,NP_001182732.1,2.04853096310576,2.20297644894937,NM_001195803.2
113,NP_001185808.1,1.19161055299601,0.97156435541902,NM_001198879.2
114,NP_001186608.1,2.38333657925177,1.99168120215154,NM_001199679.2
115,NP_001186829.1,-1.43089690596425,-1.51341569658792,NM_001199900.2
116,NP_001189163.1,1.16240994458512,1.36957409218647,NM_001202234.2
117,NP_001189332.1,1.85847062159046,2.04691433701527,NM_001202403.2
118,NP_001191128.1,0.638840733436916,0.594585730083713,NM_001204199.2
119,NP_001193570.2,-1.34907821046797,-1.42974393394621,NM_001206641.3
120,NP_001193668.1,-1.26447067395767,-1.2565490501931,NM_001206739.2
121,NP_001193900.1,1.89241453295329,2.22297153640693,NM_001206971.3
122,NP_001197.1,-0.878843838711554,-0.851218006020468,NM_001206.4
123,NP_001203.1,-1.08104020756083,-1.18540002038099,NM_001212.4
124,NP_001228.2,-0.698610642887784,-0.968733645291368,NM_001237.5
125,NP_001238935.1,2.40732448182915,2.14429091898887,NM_001252006.1
126,NP_001244089.1,0.618882407111861,0.705952639627813,NM_001257160.2
127,NP_001244119.1,-0.883058453398463,-0.830489670024787,NM_001257190.3
128,NP_001244299.1,-1.1948172848187,-1.21171976262444,NM_001257370.2
129,NP_001244954.1,2.06640987694165,1.94239568558718,NM_001258025.2
130,NP_001245240.1,1.32504767368309,1.48806892228893,NM_001258311.2
131,NP_001246.2,-0.615380470096888,-0.643731025731884,NM_001255.3
132,NP_001255213.1,2.61816896631744,2.5607700584934,NM_001268284.3
133,NP_001257322.1,3.26335023611057,3.20571858657777,NM_001270393.2
134,NP_001257335.1,2.11140507135352,2.37858617600845,NM_001270406.2
135,NP_001258766.1,1.5595183113852,1.581316663817,NM_001271837.2
136,NP_001258781.1,3.07041953087114,2.39229617770311,NM_001271852.3
137,NP_001268226.1,-0.867303472437222,-0.932899119241245,NM_001281297.2
138,NP_001268361.1,2.41846228583967,2.31679962574521,NM_001281432.2
139,NP_001269267.1,2.59570065547523,2.30814209467803,NM_001282338.2
140,NP_001269603.1,-1.17241011595965,-0.956945829387253,NM_001282674.1
141,NP_001271296.1,-2.49091141439363,-1.89334159533676,NM_001284367.2
142,NP_001271430.1,1.61459580574605,1.68208301325981,NM_001284501.2
143,NP_001273494.1,1.06676059488372,1.36111885054978,NM_001286565.1
144,NP_001275511.1,-2.20044877516911,-1.47089598974134,NM_001288582.2
145,NP_001275655.1,1.43444405500353,1.35230761272164,NM_001288726.2
146,NP_001277935.1,1.08713319959112,1.03772215369969,NM_001291006.2
147,NP_001278405.1,1.23425136079736,1.6677416486627,NM_001291476.2
148,NP_001278425.1,0.830114222455352,0.80854176815952,NM_001291496.2
149,NP_001287887.1,-1.24909181017024,-1.04952454107851,NM_001300958.2
150,NP_001287921.1,-1.71831836772652,-1.73300800913318,NM_001300992.2
151,NP_001289201.1,-1.3842873049148,-1.62497025756705,NM_001302272.2
152,NP_001300822.1,-0.911965896456103,-1.0571964075336,NM_001313893.1
153,NP_001303848.1,1.12264209499871,1.2221981307481,NM_001316919.1
154,NP_001303881.1,2.14304958598169,2.3540763954507,NM_001316952.2
155,NP_001304125.1,2.91077974067306,2.81616497837076,NM_001317196.2
156,NP_001304960.1,2.10534839358538,2.0402027252771,NM_001318031.2
157,NP_001305437.1,1.20262287923418,1.21177641879031,NM_001318508.2
158,NP_001305735.1,1.39444616880841,1.54652863034161,NM_001318806.2
159,NP_001305746.1,-1.05387740117739,-0.951147757920493,NM_001318817.2
160,NP_001307186.1,1.23443345585978,1.495389976184,NM_001320257.2
161,NP_001308701.1,-1.42560573458369,-1.78375211849433,NM_001321772.2
162,NP_001308792.1,2.39230792549104,2.5603761992564,NM_001321863.2
163,NP_001308846.1,1.26458079454463,1.45302320881523,NM_001321917.2
164,NP_001309136.1,1.59475236518369,1.35961038871407,NM_001322207.2
165,NP_001309201.1,1.09191229267693,1.10989282627826,NM_001322272.2
166,NP_001309956.1,1.41913256230623,1.4739037720474,NM_001323027.2
167,NP_001310222.1,2.25295064291175,2.16615878824434,NM_001323293.2
168,NP_001310224.1,2.19199747774544,1.76707427208384,NM_001323295.2
169,NP_001310225.1,2.93685744453729,2.83742692950273,NM_001323296.2
170,NP_001333445.1,-1.14767302184215,-0.956554114039128,NM_001346516.2
171,NP_001334849.2,0.63273332220369,0.866862337529042,NM_001347920.2
172,NP_001335.1,-0.700364069612724,-0.766118869401984,NM_001344.4
173,NP_001335282.1,2.43081287497479,2.8218881378378,NM_001348353.1
174,NP_001336782.1,1.30606942472715,1.36102654666255,NM_001349853.2
175,NP_001337091.1,-1.40282010155214,-1.37196623947692,NM_001350162.2
176,NP_001337142.1,1.83486270516263,2.04592389644786,NM_001350213.2
177,NP_001337165.1,1.61173704299559,1.81014732566989,NM_001350236.2
178,NP_001338661.1,2.35926306863926,2.48145371189293,NM_001351732.2
179,NP_001338662.1,2.62397247615455,2.4440170187127,NM_001351733.2
180,NP_001340024.1,-2.31750249127496,-1.75320642630732,NM_001353095.2
181,NP_001340849.1,2.29899954910638,2.36422629169101,NM_001353920.2
182,NP_001341531.2,1.17821216788179,1.38013836873156,NM_001354602.2
183,NP_001341969.1,-1.06589478991821,-1.31013757427887,NM_001355040.2
184,NP_001345335.1,2.94204819317075,2.41362334615767,NM_001358406.2
185,NP_001345336.1,1.83445534083427,2.04985308177924,NM_001358407.2
186,NP_001345628.1,2.58868567405383,2.60145114255756,NM_001358699.2
187,NP_001348.2,-1.07720599814213,-1.12665468466017,NM_001357.5
188,NP_001349.2,-1.20383273367515,-1.11778537819617,NM_001358.3
189,NP_001349665.1,2.54121515652248,2.41159608386309,NM_001362736.2
190,NP_001349666.1,1.90646656647772,2.10964420712217,NM_001362737.2
191,NP_001349667.1,1.88595505803081,1.73621609499694,NM_001362738.2
192,NP_001349714.1,2.45288130384706,2.43825350483692,NM_001362785.2
193,NP_001350435.1,-0.842136444511626,-0.985578717892612,NM_001363506.2
194,NP_001350659.1,2.0507810830005,1.85282393483064,NM_001363730.2
195,NP_001350747.1,2.08317795494752,2.02042868021275,NM_001363818.2
196,NP_001351014.1,3.00216542569419,2.94522869759172,NM_001364085.2
197,NP_001351407.1,1.85741115492697,1.78859662446209,NM_001364478.1
198,NP_001351611.1,1.08063590095,1.14059993250524,NM_001364682.1
199,NP_001351612.1,1.51541503953743,1.56403120646124,NM_001364683.1
200,NP_001354709.1,1.06450740572268,1.33040387982348,NM_001367780.1
201,NP_001354993.1,1.87831957376323,1.83896415397382,NM_001368064.1
202,NP_001355053.1,1.9419869036105,2.0455809247691,NM_001368124.1
203,NP_001355167.1,-1.27646272514786,-1.20168853820971,NM_001368238.1
204,NP_001358279.1,-0.912088188715897,-0.776344024967464,NM_001371350.1
205,NP_001358425.1,2.24847166054969,2.74052494262373,NM_001371496.1
206,NP_001361590.1,2.71482138041462,2.75889019731866,NM_001374661.1
207,NP_001361591.1,2.23304111896346,2.65121822470482,NM_001374662.1
208,NP_001362564.1,0.907407599287811,1.13256856291967,NM_001375635.1
209,NP_001369294.1,-0.966308181981287,-1.28906527319002,NM_001382365.1
210,NP_001372982.1,1.62401477375412,1.71538225756549,NM_001386053.1
211,NP_001373024.1,1.45752852422226,1.58894679574518,NM_001386095.1
212,NP_001373602.1,1.35797591618001,1.60104162513135,NM_001386673.1
213,NP_001373740.1,1.91837976409722,1.9173977607678,NM_001386811.1
214,NP_001375031.1,1.50964441026413,1.16746518643837,NM_001388102.1
215,NP_001375238.1,0.98530357996093,0.978821835231962,NM_001388309.1
216,NP_001375327.1,2.85087709788915,2.68023496406636,NM_001388398.1
217,NP_001381616.1,2.04721627343389,2.2977928236546,NM_001394687.1
218,NP_001381827.1,2.38802576226564,2.7977934137911,NM_001394898.1
219,NP_001383337.1,1.83256662262434,1.91139985260241,NM_001396408.1
220,NP_001384301.1,0.810218333572252,1.01371892386939,NM_001397372.1
221,NP_001384335.1,-0.840247345345766,-0.82217015727576,NM_001397406.1
222,NP_001387492.1,1.82681767440031,1.64409555119092,NM_001400563.1
223,NP_001393.1,-0.563726864679245,-0.931560448095022,NM_001402.6
224,NP_001393761.1,1.21078881392349,1.04515425374528,NM_001406832.1
225,NP_001394211.1,2.88624640581952,2.64406837266457,NM_001407282.1
226,NP_001394212.1,2.85249645802419,2.65606393744773,NM_001407283.1
227,NP_001399131.1,2.75875033442572,2.91153647374063,NM_001412202.1
228,NP_001400703.1,1.22166949144055,1.451907444327,NM_001413774.1
229,NP_001401327.1,-2.59551203827702,-1.79557717564007,NM_001414398.1
230,NP_001403.1,-1.11073533764629,-1.31880557216413,NM_001412.4
231,NP_001404819.1,-0.771623867464155,-0.841136159461627,NM_001417890.1
232,NP_001405.1,-1.23042983364131,-0.998466153945788,NM_001414.4
233,NP_001406.1,-0.538958800670809,-0.755796943607303,NM_001415.4
234,NP_001418.2,-0.966562177989811,-0.773793958889631,NM_001427.4
235,NP_001428.1,1.25129217775227,1.38246334403217,NM_001437.3
236,NP_001478.2,-0.733385805179712,-0.95846172691881,NM_001487.4
237,NP_001493.2,2.0894352024164,2.2090828284494,NM_001502.4
238,NP_001518.3,0.866586399918733,0.893887441630823,NM_001527.4
239,NP_001528.1,-0.612177390826116,-0.693578115419548,NM_001537.4
240,NP_001537.1,-0.783686117830435,-0.865956133715428,NM_001546.4
241,NP_001559.1,-0.7131252016101,-0.933898793474686,NM_001568.3
242,NP_001609.2,-1.1949211715855,-1.23896116898052,NM_001618.4
243,NP_001653.1,-0.660676211745298,-0.84522539024367,NM_001662.4
244,NP_001654.1,-0.73457012310358,-0.780532132370461,NM_001663.4
245,NP_001670.1,-0.802987386565379,-0.985649315067657,NM_001679.4
246,NP_001677.2,-0.749212275872038,-0.949650346197716,NM_001686.4
247,NP_001679.2,-1.08625569369631,-1.02398057383787,NM_001688.5
248,NP_001686.1,-0.81438390204309,-0.868425655710572,NM_001695.5
249,NP_001688.1,-0.793333127416058,-0.979347771448781,NM_001697.3
250,NP_001713.2,-0.56499602882905,-0.634003529312361,NM_001722.3
251,NP_001743.1,-1.12886096199247,-1.0931678663416,NM_001752.4
252,NP_001784.2,1.8055741800232,2.18305854507086,NM_001793.6
253,NP_001805.4,-1.08483511762522,-1.4106659321606,NM_001814.6
254,NP_001818.1,-0.893656316992388,-1.13270539105564,NM_001827.3
255,NP_001836.3,-1.05639335947155,-1.02352587816823,NM_001845.6
256,NP_001837.2,-0.971193816635255,-1.05019141233973,NM_001846.4
257,NP_001854.1,-0.958886889076104,-1.02332309809801,NM_001863.5
258,NP_001857.1,-0.723453198156141,-0.883258186491942,NM_001866.3
259,NP_001858.1,-0.689582621392351,-0.773800211281772,NM_001867.3
260,NP_001864.1,-0.856284827969709,-1.02975715486801,NM_001873.4
261,NP_001867.2,1.5593695788883,1.81999842845771,NM_001876.4
262,NP_001900.1,-0.688177740819313,-0.801367963915494,NM_001909.5
263,NP_001907.3,-0.822248497406889,-0.888719681095989,NM_001916.5
264,NP_001914.3,-1.10697283778345,-1.31563851734189,NM_001923.5
265,NP_001929.1,-0.533935337808682,-0.778419889156342,NM_001938.3
266,NP_001955.1,1.50742729345495,1.4354864813192,NM_001964.3
267,NP_001966.1,1.3093499976734,0.560165161863567,NM_001975.3
268,NP_002039.2,-2.00288603395364,-1.50952322992589,NM_002048.3
269,NP_002056.2,1.13119238771933,1.0368499289655,NM_002065.7
270,NP_002067.1,-0.759389150189644,-0.819313771869772,NM_002076.4
271,NP_002078.1,-1.04042981675663,-1.08073955358673,NM_002087.4
272,NP_002088.2,-1.12596028579556,-0.943531368482606,NM_002097.3
273,NP_002097.1,-0.678368567446737,-0.953363817906819,NM_002106.4
274,NP_002107.3,-0.628858873178133,-0.839540567516609,NM_002116.8
275,NP_002130.2,-0.795616163557444,-0.954065535218257,NM_002139.4
276,NP_002138.1,-1.41050827565834,-0.995248533343692,NM_002147.4
277,NP_002139.2,-0.877904756177732,-1.03438291737436,NM_002148.4
278,NP_002145.3,-1.07289823171389,-0.916411750662844,NM_002154.4
279,NP_002148.1,-1.54232892937261,-1.46081309628053,NM_002157.3
280,NP_002284.3,-0.752417316580238,-1.05036882698443,NM_002293.4
281,NP_002285.1,-1.21823798167315,-1.30910096508051,NM_002294.3
282,NP_002347.5,-0.670123866914849,-0.935020657807063,NM_002356.7
283,NP_002349.1,-0.711656954976658,-0.931517999128948,NM_002358.4
284,NP_002361.1,-1.21037326614625,-1.10511122915726,NM_002370.4
285,NP_002386.1,-0.915241275407298,-1.01677725264982,NM_002395.6
286,NP_002430.3,-0.730451587627699,-0.605955990395042,NM_002439.5
287,NP_002439.2,-1.02495898359112,-0.900737834007047,NM_002448.3
288,NP_002464.1,-0.687756366808127,-0.833159524646888,NM_002473.6
289,NP_002480.1,-0.791075601044047,-0.919182491062916,NM_002489.4
290,NP_002481.3,-0.716338780742677,-0.732184395409041,NM_002490.6
291,NP_002484.1,-1.08998402585433,-1.19916824646442,NM_002493.5
292,NP_002487.1,-0.683471116900084,-0.765418948818649,NM_002496.4
293,NP_002499.2,-1.13921787236873,-1.18972022431794,NM_002508.3
294,NP_002513.2,-0.580179721559681,-0.761902403139826,NM_002522.4
295,NP_002554.1,-1.31927538308283,-1.32064937030912,NM_002563.5
296,NP_002559.2,-0.724696763304042,-0.848499530075008,NM_002568.4
297,NP_002580.2,-2.23023811247959,-1.79814196288179,NM_002589.4
298,NP_002613.2,-0.75817392875825,-0.663395309657923,NM_002622.5
299,NP_002678.3,-1.03255732062872,-0.752746891355038,NM_002687.4
300,NP_002687.1,-0.690272270621944,-0.815664784182661,NM_002696.3
301,NP_002694.3,-1.0717352276198,-1.16407396961007,NM_002703.5
302,NP_002727.2,-1.24848356837122,-1.25533857854943,NM_002736.3
303,NP_002736.3,-0.637384130683988,-0.982369174507028,NM_002745.5
304,NP_002778.1,-1.01997010613682,-1.04973787423014,NM_002787.5
305,NP_002783.1,-0.95704714218285,-1.02265150661475,NM_002792.4
306,NP_002784.1,-0.76626802980178,-0.810111287160543,NM_002793.4
307,NP_002786.2,-0.856072900997468,-1.02004187641116,NM_002795.4
308,NP_002787.2,-0.998766554999419,-1.05363446847055,NM_002796.3
309,NP_002789.1,-1.11192656851239,-0.980660466197594,NM_002798.3
310,NP_002790.1,-0.846996011527618,-0.920437756537787,NM_002799.4
311,NP_002794.1,-0.998668576190337,-1.02663843177666,NM_002803.4
312,NP_002802.2,-0.970163800541288,-0.911904305098438,NM_002811.5
313,NP_002803.2,-0.613003464076162,-0.585038828656117,NM_002812.5
314,NP_002814.3,-0.574783408596795,-0.852206714048755,NM_002823.5
315,NP_002817.2,1.11574330265111,1.13484467092672,NM_002826.5
316,NP_002878.2,-1.12484453878456,-0.978225079339743,NM_002887.4
317,NP_002892.1,-0.609077710012314,-0.69882958391859,NM_002901.4
318,NP_002893.1,1.47967431360399,1.66179817322013,NM_002902.3
319,NP_002906.1,-0.792369591377977,-0.899633270447109,NM_002915.4
320,NP_002922.2,-0.676525773151698,-0.555669232407231,NM_002931.4
321,NP_003007.2,-1.2120884144289,-1.33914487471629,NM_003016.4
322,NP_003008.1,-1.04017420739234,-0.97795390491584,NM_003017.5
323,NP_003019.2,-1.03115083214621,-1.22754818546832,NM_003028.3
324,NP_003065.3,-0.829885013806164,-0.814729059175272,NM_003074.4
325,NP_003081.2,-0.613916215979675,-0.646586407096805,NM_003090.4
326,NP_003082.1,-0.85248256258142,-0.98121135684751,NM_003091.4
327,NP_003084.1,-0.92909244178917,-0.918759056781173,NM_003093.3
328,NP_003086.1,-1.25414511681232,-1.19081068942084,NM_003095.5
329,NP_003098.1,-0.941522464444136,-1.12718515327647,NM_003107.3
330,NP_003115.1,-1.06332403610665,-1.24129402904639,NM_003124.5
331,NP_003123.2,-1.13410623621605,-1.11841774745545,NM_003132.3
332,NP_003128.3,-0.98313843777995,-0.977216658980262,NM_003137.5
333,NP_003189.3,-0.918033272939119,-0.866496603474862,NM_003198.3
334,NP_003246.1,-0.644431827091773,-0.930217306661816,NM_003255.5
335,NP_003253.1,-0.877362503609168,-0.774423137235647,NM_003262.4
336,NP_003256.1,1.61228907593555,1.56255811684133,NM_003265.3
337,NP_003272.3,1.40310756269636,1.53776462293038,NM_003281.4
338,NP_003277.1,-1.13435762025042,-1.1637091100188,NM_003286.4
339,NP_003283.2,-0.915730727079823,-0.858916894182198,NM_003292.3
340,NP_003320.2,-0.920579309534831,-1.19518843884346,NM_003329.4
341,NP_003328.1,-0.701182473036329,-0.598952422896249,NM_003337.4
342,NP_003339.1,-1.12715313385842,-1.13170364733426,NM_003348.4
343,NP_003356.2,-0.772999008043503,-0.840977770797665,NM_003365.3
344,NP_003357.2,-1.0515320260262,-1.06053741525752,NM_003366.4
345,NP_003394.1,-0.856467489802489,-0.729569868279734,NM_003403.5
346,NP_003396.1,-0.576509623147885,-0.617881337113679,NM_003405.4
347,NP_003404.1,-1.09538745655867,-1.42224138873327,NM_003413.4
348,NP_003473.3,-0.990147386792006,-1.27178776068774,NM_003482.4
349,NP_003474.1,-0.889228776659826,-1.06664389713617,NM_003483.6
350,NP_003533.1,-0.741967683602805,-0.759619090963825,NM_003542.4
351,NP_003576.2,1.38263160490498,1.67200957623373,NM_003585.5
352,NP_003592.3,-0.935249888990841,-0.945700470174484,NM_003601.4
353,NP_003674.1,-0.822570710949713,-0.652447694535253,NM_003683.6
354,NP_003705.1,0.93522433779108,0.651506277515716,NM_003714.3
355,NP_003741.1,-0.63445203006788,-0.604670071955138,NM_003750.4
356,NP_003840.2,-0.769443530867138,-0.784527994162068,NM_003849.4
357,NP_003841.1,-0.94032725862481,-0.881388456884432,NM_003850.3
358,NP_003861.1,-0.752718817920235,-0.856462612356641,NM_003870.4
359,NP_003904.3,-1.37473062893366,-1.12149447810732,NM_003913.5
360,NP_003974.3,-1.38148675693962,-1.22067178853909,NM_003983.6
361,NP_004036.1,-0.744156966029952,-0.738712761331747,NM_004045.4
362,NP_004065.1,-0.788499884764083,-0.870333974967944,NM_004074.3
363,NP_004068.2,-1.17196802449366,-1.33050353785157,NM_004077.3
364,NP_004083.3,-0.810108531008812,-0.911922961677929,NM_004092.4
365,NP_004087.1,-0.472160668720403,-0.645723203504914,NM_004096.5
366,NP_004102.1,-0.571668587224064,-0.866363110242396,NM_004111.6
367,NP_004115.1,-1.25483034094348,-1.29427493031018,NM_004124.3
368,NP_004119.1,-1.16079232452291,-1.06626839357859,NM_004128.3
369,NP_004125.3,-0.798698134488173,-0.898257606744766,NM_004134.7
370,NP_004138.1,-0.859446535128704,-0.65866392501567,NM_004147.4
371,NP_004172.2,-1.08093533168899,-1.18893414629348,NM_004181.5
372,NP_004209.2,-0.815017371288439,-0.845265084788383,NM_004218.4
373,NP_004243.1,-1.01795588983918,-1.04505591814927,NM_004252.5
374,NP_004246.2,-0.801748947116715,-0.905392881661455,NM_004255.4
375,NP_004270.2,-0.898374742851599,-1.03779190545631,NM_004279.3
376,NP_004271.1,-1.31563547018973,-1.12361394317584,NM_004280.5
377,NP_004280.5,-1.8827273074974,-1.3880400717752,NM_004289.7
378,NP_004334.1,-0.491426832579052,-0.668278642102808,NM_004343.4
379,NP_004389.2,-1.14568891141385,-0.815550982753532,NM_004398.4
380,NP_004396.1,-1.14654194140888,-1.29182655504969,NM_004405.4
381,NP_004441.1,-1.03196117640334,-1.14279249400965,NM_004450.3
382,NP_004452.1,-0.78919312010146,-0.714942287672383,NM_004461.3
383,NP_004468.1,-0.632092923739922,-0.524050373920741,NM_004477.3
384,NP_004493.3,-1.35510308367805,-0.9626574938948,NM_004502.4
385,NP_004514.2,-0.814440800667805,-0.827136148002141,NM_004523.4
386,NP_004532.1,-0.920731141366305,-0.999521248171652,NM_004541.4
387,NP_004536.3,-0.950785751999575,-0.918661053306121,NM_004545.4
388,NP_004539.1,-0.716119620195731,-0.732686986095602,NM_004548.3
389,NP_004542.1,-1.23915000087085,-1.12113923386002,NM_004551.3
390,NP_004544.1,-0.949391834206647,-0.863911540489372,NM_004553.6
391,NP_004550.2,-0.962455974580523,-1.07117706172254,NM_004559.5
392,NP_004573.2,-0.971331710575036,-1.04915894038851,NM_004582.4
393,NP_004598.1,-0.710009912200857,-0.754282089163104,NM_004607.3
394,NP_004628.4,-0.896847578840542,-0.946209628626687,NM_004637.6
395,NP_004636.1,-1.1269741675774,-0.890862503217968,NM_004645.3
396,NP_004696.2,-0.70385547257206,-0.910832170504132,NM_004705.4
397,NP_004699.1,-1.03278935147209,-1.18531430081668,NM_004708.4
398,NP_004716.1,-0.661637818338911,-0.718982155994656,NM_004725.4
399,NP_004772.1,-1.07851921188209,-1.21479364537743,NM_004781.4
400,NP_004773.1,-0.767375961164259,-0.609352113216985,NM_004782.4
401,NP_004791.1,-0.890499722720985,-0.834331827385936,NM_004800.3
402,NP_004795.1,-0.62889057502627,-0.832366972479283,NM_004804.3
403,NP_004805.2,-0.788680062551688,-0.932440889946636,NM_004814.3
404,NP_004809.2,-0.969299499200786,-1.11127179887903,NM_004818.3
405,NP_004855.2,3.5925873673112,2.73319378596648,NM_004864.4
406,NP_004881.2,-0.612758585280667,-0.755353330373337,NM_004890.3
407,NP_004883.3,-0.773875369460531,-0.721068999531302,NM_004892.6
408,NP_004892.1,2.01173146704218,1.66773018503699,NM_004901.5
409,NP_004896.1,-0.9869996202058,-0.995658655670952,NM_004905.3
410,NP_004930.1,-0.998500175798984,-0.814710454950713,NM_004939.3
411,NP_004992.2,-0.513431220265507,-0.644947102112836,NM_005001.5
412,NP_004993.1,-0.903900811797185,-0.984099316133938,NM_005002.5
413,NP_005006.4,-0.511788194412538,-0.604240063537635,NM_005015.5
414,NP_005025.1,-0.735467524217698,-0.845436464894171,NM_005034.4
415,NP_005054.3,-0.895463597539986,-1.02402106337983,NM_005063.5
416,NP_005064.1,1.11677575469687,1.25202271343625,NM_005073.4
417,NP_005073.2,-0.88653125040965,-0.998232670132688,NM_005082.5
418,NP_005096.1,-0.918816944684717,-0.984024658030566,NM_005105.5
419,NP_005116.1,-0.918987323948272,-0.891487552467523,NM_005125.2
420,NP_005197.3,2.0934910648019,1.50254266337071,NM_005206.5
421,NP_005198.1,-0.702635858191536,-0.708756717941189,NM_005207.4
422,NP_005207.3,-0.522502637305915,-0.766466960760764,NM_005216.5
423,NP_005240.3,-0.891046054167022,-0.946301963032022,NM_005249.5
424,NP_005264.2,-0.612133425049759,-0.659488101737336,NM_005273.4
425,NP_005265.1,-0.924866889022225,-0.995844968143571,NM_005274.3
426,NP_005361.2,-0.689197264519057,-0.895255120618772,NM_005370.5
427,NP_005372.2,-0.839621097179817,-0.93382393474313,NM_005381.3
428,NP_005397.1,-0.734095573713321,-0.852559732123642,NM_005406.3
429,NP_005406.3,-0.784699202665334,-0.942903365158956,NM_005415.5
430,NP_005427.2,-1.18638616045336,-0.817780959571095,NM_005436.5
431,NP_005436.1,-0.844893569018317,-0.868422858809147,NM_005445.4
432,NP_005473.1,-0.77773930460425,-0.923578913695164,NM_005482.3
433,NP_005485.1,-1.00911456317066,-0.86730019441911,NM_005494.3
434,NP_005498.1,-1.03511019402981,-1.10455043972736,NM_005507.3
435,NP_005508.1,-0.781461804521033,-1.02260778582941,NM_005517.4
436,NP_005514.1,-1.08123069616888,-1.07257766877782,NM_005523.6
437,NP_005660.4,-0.939510517740016,-0.980377537734465,NM_005669.5
438,NP_005723.2,-0.769027632200688,-0.764609792680991,NM_005732.4
439,NP_005724.1,-1.03789534336377,-1.40675634535611,NM_005733.3
440,NP_005751.2,-0.95026025051402,-0.66681289797753,NM_005760.3
441,NP_005753.1,-0.582563508259883,-0.838802139250252,NM_005762.3
442,NP_005759.4,1.4325163013689,1.26689575668864,NM_005768.6
443,NP_005767.1,-0.579133481524165,-0.810659703459615,NM_005776.3
444,NP_005773.3,-0.708227227752092,-0.940664162144201,NM_005782.4
445,NP_005774.2,-0.814061550312445,-1.09356459132492,NM_005783.4
446,NP_005782.1,-1.04331831363065,-0.944891592780481,NM_005791.3
447,NP_005796.1,-0.900003840312699,-0.699799400784324,NM_005805.6
448,NP_005800.3,-0.888131279324701,-0.893910471329026,NM_005809.6
449,NP_005802.1,-1.03395076965441,-0.963257187068314,NM_005811.5
450,NP_005819.3,-0.585672103549416,-0.574603384325201,NM_005828.5
451,NP_005821.2,-0.943532260689729,-0.707355836726348,NM_005830.4
452,NP_005827.1,-1.66038956662269,-1.31720047079946,NM_005836.3
453,NP_005828.2,-0.676646398030648,-0.593642275912118,NM_005837.3
454,NP_005849.1,-0.721287258491005,-0.672104831881448,NM_005858.4
455,NP_005850.1,-0.449744177709392,-0.692553255542126,NM_005859.5
456,NP_005863.1,-0.935684390386879,-0.636480286596445,NM_005872.3
457,NP_005868.1,-0.725915674369979,-0.780978402458687,NM_005877.6
458,NP_005871.1,-0.892190924316071,-1.03816871346826,NM_005880.4
459,NP_005877.2,-0.75130554457334,-0.896723203533146,NM_005886.3
460,NP_005906.2,-0.980490548926718,-0.619204496629666,NM_005915.6
461,NP_005947.3,-1.13584610497972,-0.978639603594802,NM_005956.4
462,NP_005964.3,-0.716705023199522,-0.860930727390679,NM_005973.5
463,NP_005990.1,-0.690170650366072,-0.696763086014134,NM_005999.3
464,NP_005994.2,-0.811751514758146,-1.10205190953796,NM_006003.3
465,NP_006020.4,-1.50870116267092,-1.46106502991805,NM_006029.5
466,NP_006053.2,-0.978877852372148,-0.949796019023555,NM_006062.3
467,NP_006073.2,-0.752631666193866,-1.03777335084304,NM_006082.3
468,NP_006074.2,-0.69363656054662,-0.672468031451315,NM_006083.4
469,NP_006079.1,-0.729118404307988,-1.02368683011791,NM_006088.6
470,NP_006147.1,-0.791717138128364,-0.845317635706581,NM_006156.3
471,NP_006169.2,-1.05092976026466,-1.15629929025166,NM_006178.4
472,NP_006182.2,-0.790591885990584,-0.785161858584879,NM_006191.3
473,NP_006187.2,-0.804112557622083,-0.879087791701471,NM_006196.4
474,NP_006214.3,-1.03896466733412,-1.2099895287615,NM_006223.4
475,NP_006228.3,-0.767041351592885,-0.953191531328734,NM_006237.4
476,NP_006256.1,-0.514614685138079,-0.795582284966023,NM_006265.3
477,NP_006266.2,-1.15550497300039,-1.01007111795876,NM_006275.6
478,NP_006280.3,-0.60486414621784,-0.675664421059359,NM_006289.4
479,NP_006295.1,-1.1282458007002,-1.26792035726167,NM_006304.2
480,NP_006296.1,-1.13763903804077,-1.15776067312854,NM_006305.4
481,NP_006311.3,-0.621128846711774,-0.876841126275105,NM_006320.6
482,NP_006315.1,-0.899231473490278,-0.675610399984537,NM_006324.3
483,NP_006323.2,-0.900309452513946,-1.08385584923517,NM_006332.5
484,NP_006326.1,-0.851114158709788,-1.09984026533464,NM_006335.3
485,NP_006360.3,-0.800628925559275,-0.905911162118072,NM_006369.5
486,NP_006382.1,-0.738931041436145,-0.939829898171414,NM_006391.3
487,NP_006388.2,-0.612644523620123,-0.616761100043304,NM_006397.3
488,NP_006392.1,-0.818068054334082,-0.866607438919644,NM_006401.3
489,NP_006397.1,-0.758478179226211,-1.01614599668685,NM_006406.2
490,NP_006398.1,-1.14993610201276,-1.08298218644298,NM_006407.4
491,NP_006428.2,-1.62740502799231,-1.27918567417524,NM_006437.4
492,NP_006444.2,-0.799919445797035,-0.720141226370102,NM_006453.3
493,NP_006445.1,-0.791221201774607,-0.838424072775804,NM_006454.3
494,NP_006451.1,-0.744031690036222,-0.980397302968844,NM_006460.3
495,NP_006467.4,-0.812616316510854,-0.919185009777902,NM_006476.5
496,NP_006501.1,-0.901399279162807,-0.84076278158142,NM_006510.5
497,NP_006561.1,-1.02764251832392,-0.972230119845472,NM_006570.5
498,NP_006562.1,-1.21816717053805,-1.36494110137951,NM_006571.4
499,NP_006570.1,-0.686057543602445,-0.845923384086834,NM_006579.3
500,NP_006603.2,1.91547924405982,1.88650770160167,NM_006612.6
501,NP_006618.1,-0.97863876371409,-1.00638870626484,NM_006627.3
502,NP_006658.1,-1.51611120322769,-1.43939454077258,NM_006667.5
503,NP_006685.1,-0.841025770230076,-0.929349831889586,NM_006694.4
504,NP_006694.1,-0.736625380869666,-0.77602640082241,NM_006703.4
505,NP_006708.2,-0.778028868016949,-0.794579030992893,NM_006717.3
506,NP_006734.1,-1.01075830875593,-0.990162670440508,NM_006743.5
507,NP_006752.1,-0.787166930347743,-0.864432221696365,NM_006761.5
508,NP_006758.2,-0.901635871667623,-0.993997934152125,NM_006767.4
509,NP_006784.1,-1.31183717861908,-1.32192703925837,NM_006793.5
510,NP_006796.1,-0.841549823658634,-1.0261994253254,NM_006805.4
511,NP_006817.1,-1.10490602574307,-1.2321866252723,NM_006826.4
512,NP_006818.3,-0.689685941547099,-0.781036025133386,NM_006827.6
513,NP_006824.2,-0.7989655266572,-0.833151086880537,NM_006833.5
514,NP_006857.2,1.25074820016462,1.38777199285261,NM_006866.4
515,NP_006867.1,-0.890127106832019,-1.05114110607095,NM_006876.3
516,NP_008817.1,-0.731562218533288,-0.759662707898443,NM_006886.4
517,NP_008818.3,-0.551040190365085,-0.561481073081961,NM_006887.5
518,NP_008827.2,-1.04683798884253,-0.890115169327187,NM_006896.4
519,NP_008828.1,-1.33410513900629,-1.2060793315281,NM_006897.3
520,NP_008844.1,-0.654214221868126,-0.879387809133125,NM_006913.4
521,NP_008864.4,-1.12161284454722,-1.48493390004137,NM_006933.7
522,NP_008868.3,-0.727055263803158,-0.784221480635945,NM_006937.4
523,NP_008869.1,-0.772234461771168,-0.789462242683038,NM_006938.4
524,NP_008922.1,2.81233779615052,2.70678003003801,NM_006991.5
525,NP_008937.1,-1.18447849819108,-1.36969052409528,NM_007006.3
526,NP_008986.2,-0.610173537833466,-0.597192556008626,NM_007055.4
527,NP_008996.1,-1.00823404953893,-0.949720096110487,NM_007065.4
528,NP_009031.1,-0.632654027473375,-0.753510319985512,NM_007100.4
529,NP_009039.1,-0.823172472580095,-0.804364771918489,NM_007108.4
530,NP_009060.2,-1.48364058223142,-1.63849704399488,NM_007129.5
531,NP_009107.1,-0.818227162667759,-0.956648155472315,NM_007176.4
532,NP_009120.1,-0.866667993049774,-0.870932413550268,NM_007189.3
533,NP_009123.1,-0.85311150333209,-0.80645209894466,NM_007192.4
534,NP_009135.4,-0.856442687251002,-0.775340081247425,NM_007204.5
535,NP_009139.1,-1.19978103085847,-1.20307554816374,NM_007208.4
536,NP_009216.1,-0.73966065707844,-0.898156967554219,NM_007285.7
537,NP_009223.2,1.15218044963679,1.38205392151593,NM_007292.6
538,NP_031401.1,-1.15798859647683,-1.06724386058675,NM_007375.4
539,NP_036203.1,-0.93374860009886,-1.02819094688159,NM_012071.4
540,NP_036346.1,1.12086658821096,1.1679470979795,NM_012214.3
541,NP_036364.2,-0.75787155514332,-0.927737970861111,NM_012232.6
542,NP_036380.2,-0.67928713503028,-0.981748364080163,NM_012248.4
543,NP_036394.1,-0.721325780498621,-1.0103181047861,NM_012262.4
544,NP_036442.3,-0.612214078924798,-0.616035405224724,NM_012310.5
545,NP_036449.1,-1.00636141553512,-1.01264841533065,NM_012317.4
546,NP_036451.4,-0.713026625087938,-0.862039974441302,NM_012319.4
547,NP_036465.2,-1.39882282147184,-1.31806969895904,NM_012333.5
548,NP_036474.1,-1.13808225643558,-1.65598580888474,NM_012342.3
549,NP_036506.1,1.3350936615384,1.37693189061166,NM_012374.2
550,NP_036507.2,2.25566522870639,2.10049070059712,NM_012375.3
551,NP_036546.2,-0.929801429650228,-0.713508112826921,NM_012414.4
552,NP_036558.3,-0.818476110023832,-0.975885995348948,NM_012426.5
553,NP_036591.3,-1.36305696482526,-1.21735186155043,NM_012459.4
554,NP_036611.2,-0.839030669355848,-0.936984096558047,NM_012479.4
555,NP_037408.2,-0.78199939838258,-0.849786206450978,NM_013276.4
556,NP_037465.2,0.848189390749347,0.946846107334584,NM_013333.4
557,NP_037469.2,-0.737893590731818,-0.924157214788683,NM_013337.4
558,NP_037471.2,-1.00099874607882,-1.25012708383055,NM_013339.4
559,NP_037505.1,-1.43744487913862,-1.56075673889121,NM_013373.4
560,NP_037507.1,-1.09928398618351,-0.95676086320781,NM_013375.4
561,NP_037519.2,-0.977458541240248,-1.04324825622306,NM_013387.4
562,NP_038460.4,1.87508910649555,1.75214413729922,NM_013432.5
563,NP_038472.2,-0.898737831736017,-0.942010424692446,NM_013444.4
564,NP_039228.1,0.831915046345279,1.04265873039858,NM_013940.4
565,NP_054733.2,-1.07450930737793,-1.01381366621997,NM_014014.5
566,NP_054745.1,1.79231712900133,1.71419167551102,NM_014026.6
567,NP_054760.4,-0.743526667626307,-0.815358420805533,NM_014041.5
568,NP_054766.1,-0.866200102006445,-0.810265740812296,NM_014047.3
569,NP_054770.1,-1.08926846899696,-1.38305602501685,NM_014051.4
570,NP_054797.2,-1.24578223383714,-1.12815456371414,NM_014078.6
571,NP_054868.3,1.53215122402889,1.38194968631893,NM_014149.4
572,NP_054880.2,-1.29388845804174,-1.10316758488018,NM_014161.5
573,NP_054886.2,-0.826351931679691,-0.676764922754878,NM_014167.5
574,NP_054894.1,-1.53727882003312,-1.13069132733157,NM_014175.4
575,NP_054900.2,-0.88051713243847,-0.8195165977041,NM_014181.3
576,NP_054907.1,-0.666930438105758,-0.674107923408685,NM_014188.3
577,NP_055028.3,-1.79449112114353,-1.35117347400028,NM_014213.4
578,NP_055070.1,-1.27553134450036,-1.22347572059214,NM_014255.7
579,NP_055095.2,-0.940584356546023,-0.857099942655862,NM_014280.3
580,NP_055121.1,-0.963026103615103,-1.08568374355863,NM_014306.5
581,NP_055136.1,-0.699469938559462,-0.814822538568397,NM_014321.4
582,NP_055145.3,1.72573440301745,1.59589201955266,NM_014330.5
583,NP_055209.2,-0.800204841517099,-0.795922268370217,NM_014394.3
584,NP_055214.1,-0.897472802217795,-1.01901122591663,NM_014399.4
585,NP_055217.2,-0.700729359028335,-0.73816628331863,NM_014402.5
586,NP_055257.2,2.36108058285612,2.17262917254645,NM_014442.3
587,NP_055260.1,-0.55537690142204,-0.749628373777792,NM_014445.4
588,NP_055278.1,-0.775625901323835,-0.80466210545896,NM_014463.3
589,NP_055317.1,-0.718019211177925,-0.873222859349812,NM_014502.5
590,NP_055318.2,-1.41438345100194,-1.18301039857191,NM_014503.3
591,NP_055417.1,-0.79384544691514,-1.04045378701218,NM_014602.3
592,NP_055422.1,-0.736777411808908,-0.757784399407962,NM_014607.4
593,NP_055429.2,-1.01401044809727,-1.16555865724772,NM_014614.3
594,NP_055498.3,1.58655060404426,1.95445593376573,NM_014683.4
595,NP_055524.3,-0.724039194175328,-1.00954063270973,NM_014709.4
596,NP_055554.1,-1.1657936074545,-1.08733493306828,NM_014739.3
597,NP_055567.2,-0.6061207272486,-0.752865524066129,NM_014752.3
598,NP_055570.1,-0.73986496230344,-0.648721826335831,NM_014755.3
599,NP_055575.3,-0.916066960565605,-1.07045263717563,NM_014760.4
600,NP_055577.1,-0.953678923735042,-1.42455876344042,NM_014762.4
601,NP_055578.2,-1.21704362935661,-1.40808006988146,NM_014763.4
602,NP_055680.3,-0.687796519072264,-0.861458627740268,NM_014865.4
603,NP_055693.4,-1.20278923863098,-1.0895678429889,NM_014878.5
604,NP_055701.1,-0.937017604079789,-0.891370581109777,NM_014886.6
605,NP_055706.1,-0.690000737386834,-0.638377327249682,NM_014891.7
606,NP_055723.1,-1.24098140655322,-0.992417832771306,NM_014908.4
607,NP_055787.1,-0.780761328338069,-0.713102652686574,NM_014972.3
608,NP_055816.2,-1.2731339529908,-1.36960170079355,NM_015001.3
609,NP_055871.1,-0.793586861472104,-0.882155175702488,NM_015056.3
610,NP_055872.4,-1.07500889019396,-0.886462186505284,NM_015057.5
611,NP_055946.1,-0.860804404919138,-0.694455695164207,NM_015131.3
612,NP_055955.1,-1.10966850127218,-1.2582067762065,NM_015140.4
613,NP_055959.2,-1.18672316214413,-1.48147562503267,NM_015144.3
614,NP_056016.1,-0.738593240839924,-0.821421813492054,NM_015201.5
615,NP_056046.2,-1.4498058871602,-1.1912587831237,NM_015231.3
616,NP_056050.1,-0.906745333098231,-0.917651974684999,NM_015235.3
617,NP_056140.1,-1.15186774460881,-1.16034940387398,NM_015325.3
618,NP_056169.1,-1.10329709641677,-1.1173056302881,NM_015354.3
619,NP_056175.3,-0.873352883941384,-0.764964270664755,NM_015360.5
620,NP_056195.3,-0.845498406794352,-1.01201731701817,NM_015380.5
621,NP_056212.1,-0.62254169096385,-0.912400103018362,NM_015397.4
622,NP_056224.3,-0.860296847282792,-0.789086590308952,NM_015409.5
623,NP_056236.2,-1.33234421845968,-0.94922891947137,NM_015421.4
624,NP_056238.2,-0.884498539511633,-0.950963791262517,NM_015423.3
625,NP_056240.2,-0.962248716499228,-0.879179178068882,NM_015425.6
626,NP_056246.3,0.843848393283815,1.12764480558795,NM_015431.4
627,NP_056338.2,-1.0539696326474,-0.979663589705415,NM_015523.4
628,NP_056360.2,1.13898888912311,1.21676641145462,NM_015545.4
629,NP_056437.4,-1.16083894581014,-1.27052695076047,NM_015622.6
630,NP_056474.2,-0.789520671093819,-0.81966925078294,NM_015659.3
631,NP_056508.2,-0.850719607248962,-0.881958704089353,NM_015693.4
632,NP_056513.2,-0.8044867229554,-0.784793107667026,NM_015698.6
633,NP_056517.1,-0.736881801908893,-1.15802530247394,NM_015702.3
634,NP_056518.2,-0.6220918305168,-0.649689600800997,NM_015703.5
635,NP_056541.2,-0.68364775685266,-0.87341904594929,NM_015726.4
636,NP_056988.3,-1.1360703391667,-0.913110117442246,NM_015904.4
637,NP_056991.2,-1.08371715920838,-1.0925819861681,NM_015907.3
638,NP_056997.1,-0.894987298472574,-1.2390889065138,NM_015913.4
639,NP_057016.1,-0.869685604324428,-0.930412416520817,NM_015932.6
640,NP_057017.1,-0.856982322342532,-0.962513460444588,NM_015933.6
641,NP_057018.1,-0.944536536822128,-0.652170121277876,NM_015934.5
642,NP_057053.1,-0.867649493025207,-0.892563758195429,NM_015969.3
643,NP_057055.2,-1.05991810603577,-1.04669960859379,NM_015971.4
644,NP_057057.2,-1.23512709611776,-1.20138285733451,NM_015973.5
645,NP_057059.2,-0.931054454770175,-1.08487377288059,NM_015975.5
646,NP_057085.2,-1.16424772725405,-1.00394965108776,NM_016001.3
647,NP_057108.2,-0.944658635658215,-0.877653840507239,NM_016024.4
648,NP_057122.2,-0.778642286842502,-0.723967172118527,NM_016038.4
649,NP_057123.1,-0.989357400092187,-0.968074669684507,NM_016039.3
650,NP_057132.2,-1.40420255184038,-1.43802048256214,NM_016048.2
651,NP_057143.1,-0.850964223619876,-1.05659162910937,NM_016059.5
652,NP_057151.1,-0.828127950889128,-0.812132564769762,NM_016067.4
653,NP_057152.2,-0.697466080681525,-0.619070870370377,NM_016068.3
654,NP_057154.2,-0.885869977898346,-0.933764916033071,NM_016070.4
655,NP_057178.2,-0.788089654733002,-0.778417398460834,NM_016094.4
656,NP_057179.1,-0.851447856235593,-0.857357099650279,NM_016095.3
657,NP_057181.1,-0.707805973582315,-0.785110866329462,NM_016097.5
658,NP_057191.2,-0.614209871680393,-0.699780394678505,NM_016107.5
659,NP_057223.1,-0.835687664692986,-0.84476395037038,NM_016139.4
660,NP_057229.1,-0.812554566462894,-0.828042859408551,NM_016145.4
661,NP_057251.2,-1.28014088623627,-1.07232566463433,NM_016167.5
662,NP_057284.1,-0.839020188183787,-0.889763794939666,NM_016200.5
663,NP_057340.2,-1.437659750462,-2.01088791771206,NM_016256.4
664,NP_057359.2,-0.941193051645709,-1.11696514528292,NM_016275.5
665,NP_057395.1,-0.90206369213117,-0.821099721339157,NM_016311.5
666,NP_057417.3,-0.843644386157632,-0.764322236528965,NM_016333.4
667,NP_057444.2,-0.953589067385029,-0.756901921539789,NM_016360.4
668,NP_057501.2,-1.01670047895497,-1.05336968092191,NM_016417.3
669,NP_057550.3,-1.11792262690302,-0.969533876967929,NM_016466.6
670,NP_057575.2,-0.749989087067182,-0.783304005729179,NM_016491.4
671,NP_057581.2,-0.956847773714458,-0.962151108371224,NM_016497.4
672,NP_057584.2,-1.3940760349069,-1.01065455176375,NM_016500.5
673,NP_057588.1,-1.17283309384624,-1.19605492208502,NM_016504.3
674,NP_057594.5,-0.776668449070115,-0.788946137939429,NM_016510.7
675,NP_057604.1,-0.80966000770428,-0.907682339042506,NM_016520.3
676,NP_057651.1,-1.22735557519341,-1.05092707274866,NM_016567.4
677,NP_057723.1,1.72591326361409,1.14148714298901,NM_016639.3
678,NP_057724.2,-0.82392623435977,-0.891061294853024,NM_016640.4
679,NP_058431.2,1.88528848055151,1.6193964805886,NM_016823.4
680,NP_058649.3,1.68419707264394,2.10540959347969,NM_016953.4
681,NP_060016.3,-1.15197825911997,-0.917477171672733,NM_017546.5
682,NP_060083.1,-0.563997191248799,-0.576181668135084,NM_017613.4
683,NP_060117.3,-1.04200144014486,-0.959022034057112,NM_017647.4
684,NP_060217.1,-1.02785113833035,-0.860900050895724,NM_017747.3
685,NP_060271.1,-0.873186307372457,-1.11080825128952,NM_017801.3
686,NP_060277.1,-0.926763381729126,-0.838387144182717,NM_017807.4
687,NP_060283.3,-0.663715489561457,-1.04575055760465,NM_017813.5
688,NP_060310.1,-1.2094243142024,-1.07570872306646,NM_017840.4
689,NP_060311.1,-1.23203380433228,-0.930377681361981,NM_017841.4
690,NP_060316.1,-1.20783818192149,-0.996696327465975,NM_017846.5
691,NP_060319.1,2.81150675257253,2.89101371908818,NM_017849.4
692,NP_060337.2,-0.95770081947557,-0.867830957092291,NM_017867.3
693,NP_060343.1,1.3913364924096,1.51801467510162,NM_017873.4
694,NP_060422.4,-1.00913039394815,-0.995805155118405,NM_017952.6
695,NP_060426.2,-1.63844488649037,-1.04761151032988,NM_017956.4
696,NP_060481.3,-0.649361225762015,-0.61679431048498,NM_018011.4
697,NP_060495.2,-0.938833964036511,-0.849941218935416,NM_018025.3
698,NP_060506.6,-1.05605599977171,-0.925307434920187,NM_018036.7
699,NP_060516.2,-0.742540842866303,-1.00913286005545,NM_018046.5
700,NP_060517.1,-0.754289061060609,-0.916165177000227,NM_018047.3
701,NP_060530.3,-1.26134806137216,-1.25660668852824,NM_018060.4
702,NP_060542.4,-1.46144974254952,-1.14082294892862,NM_018072.6
703,NP_060547.2,-0.82050027733461,-0.776289910196262,NM_018077.3
704,NP_060555.2,-0.512379239716926,-0.557835128413076,NM_018085.5
705,NP_060598.3,-0.741002866174089,-0.58348685762333,NM_018128.5
706,NP_060599.1,-0.711411815965793,-0.825535538253747,NM_018129.4
707,NP_060600.2,-1.27327529001258,-1.05083603940795,NM_018130.3
708,NP_060606.3,-0.906252032491251,-1.02516990447826,NM_018136.5
709,NP_060613.1,0.576202318302327,0.622741110680378,NM_018143.3
710,NP_060619.4,-0.7324397459523,-0.754078829834172,NM_018149.7
711,NP_060628.3,-1.03932875446224,-0.762833961115675,NM_018158.3
712,NP_060695.2,1.1083868978894,0.955920530093578,NM_018225.3
713,NP_060700.2,-0.972901468507444,-1.26622234490505,NM_018230.3
714,NP_060753.1,-0.891184220316355,-1.16351624060298,NM_018283.4
715,NP_060755.1,-0.917380979922019,-0.980776317052407,NM_018285.4
716,NP_060791.3,-0.957412813462108,-0.872139779485085,NM_018321.4
717,NP_060809.3,-1.01982960966483,-1.26582858455612,NM_018339.6
718,NP_060816.1,-0.715866836552962,-0.914433182507713,NM_018346.3
719,NP_060822.2,-0.738436638158695,-0.808121660582708,NM_018352.3
720,NP_060843.2,-0.658031236829799,-0.996578652305391,NM_018373.3
721,NP_060855.2,-1.15685515092773,-0.981740415390323,NM_018385.3
722,NP_060867.2,-0.893734786847158,-0.671023229276387,NM_018397.5
723,NP_060877.4,-0.706636441763977,-0.933377123960824,NM_018407.6
724,NP_060908.1,1.80543481832137,1.93494805300354,NM_018438.6
725,NP_060922.2,-0.8573998377426,-0.984693648786966,NM_018452.6
726,NP_060932.2,-0.717547588673703,-0.986425059732272,NM_018462.5
727,NP_060934.1,-1.01596925543373,-1.16741980037408,NM_018464.5
728,NP_060941.2,-1.0011394925787,-0.7483343823386,NM_018471.3
729,NP_060979.2,-0.557959438814979,-0.619358873731209,NM_018509.4
730,NP_061031.2,0.739434513197766,0.733118163695912,NM_018561.5
731,NP_061063.2,-0.516271604810963,-0.608714747792637,NM_018593.5
732,NP_061119.1,-0.797595958643407,-0.82725457297015,NM_018649.3
733,NP_061133.1,-0.651819641939752,-1.04077085080761,NM_018663.3
734,NP_061756.1,1.34091802963116,1.66212028384957,NM_018933.4
735,NP_061820.1,-0.928988939513986,-0.873394460595439,NM_018947.6
736,NP_061824.3,-1.23487666100901,-1.28633647948658,NM_018951.4
737,NP_061855.1,-1.32182997170619,-1.49426767733439,NM_018982.5
738,NP_061862.1,-0.980017187585661,-0.868727159571357,NM_018989.2
739,NP_061924.1,-0.890414367178153,-1.0762310650426,NM_019051.3
740,NP_061944.2,-0.936877965027669,-0.884351700014656,NM_019071.3
741,NP_061975.2,-1.49534023514397,-1.47432767108317,NM_019102.4
742,NP_061980.1,-0.567658941715587,-0.792054141672071,NM_019107.4
743,NP_063949.2,-1.00725868511252,-1.10768364735923,NM_019896.4
744,NP_064535.1,2.76443525068402,2.58080843213723,NM_020150.5
745,NP_064571.1,-0.947723590974979,-1.04665084391473,NM_020186.3
746,NP_064584.1,-0.831748562460267,-1.1600526351556,NM_020199.3
747,NP_064628.1,-0.949268477316897,-1.16977462414205,NM_020243.5
748,NP_064708.1,-0.811237037891736,-1.02881664992729,NM_020312.4
749,NP_065101.1,-0.918122946711487,-0.686897509595354,NM_020368.3
750,NP_065108.1,-0.51875605735238,-0.484274593817075,NM_020375.3
751,NP_065147.1,-0.788339555269081,-0.740593813083558,NM_020414.4
752,NP_065169.1,1.72907505941746,1.93826519774239,NM_020436.5
753,NP_065194.3,-1.16385527878565,-0.90300604033642,NM_020461.4
754,NP_065726.1,-0.960489149160373,-1.13926144709977,NM_020675.4
755,NP_065765.1,0.987494026012841,1.13101045784862,NM_020714.3
756,NP_065921.2,-0.99662972475551,-1.05546916260994,NM_020870.4
757,NP_066191.1,1.53692966603788,1.23154429227023,NM_020981.4
758,NP_066272.1,-0.681625452330445,-0.722982230899051,NM_020992.4
759,NP_066285.1,-1.02568946050089,-0.988499653207314,NM_021005.4
760,NP_066565.1,-0.664480597464995,-0.799728032751421,NM_021079.5
761,NP_066952.1,-0.982523557978595,-1.03284881440869,NM_021129.4
762,NP_066964.1,-0.87614013034479,-1.04172558138538,NM_021141.4
763,NP_066972.1,-1.03282606002916,-1.28873842492505,NM_021149.5
764,NP_067015.2,-0.749855940411179,-0.778384061045528,NM_021192.3
765,NP_068747.1,-0.693977286561137,-0.840264536096413,NM_021928.4
766,NP_068777.1,-1.65806047680176,-1.47065364987107,NM_021958.4
767,NP_068780.2,-0.776282171368489,-0.782784752293952,NM_021961.6
768,NP_068839.1,-0.593550212181304,-0.925209481526184,NM_021999.5
769,NP_071327.2,-0.861133250902786,-0.906522864067566,NM_022044.3
770,NP_071344.1,-0.654189336854065,-0.904548766562243,NM_022061.4
771,NP_071353.4,-0.685727964297702,-0.925784937128503,NM_022070.5
772,NP_071383.1,-1.1414820615088,-1.08977960305504,NM_022100.3
773,NP_071446.2,-0.900068725678946,-0.830741020489901,NM_022163.4
774,NP_071766.2,-0.772396127516194,-0.874231149471762,NM_022371.4
775,NP_071896.8,-1.09454551323842,-0.837981187015562,NM_022451.11
776,NP_071941.1,-0.831493563474671,-0.777731620674977,NM_022496.5
777,NP_071942.1,-0.826389186602307,-0.91739669865794,NM_022497.5
778,NP_073149.1,-1.09485771720578,-1.07752765948019,NM_022658.4
779,NP_073568.2,-0.896666900542442,-1.10869637800035,NM_022731.5
780,NP_073613.2,-1.11398092434154,-0.914900254386618,NM_022776.5
781,NP_073617.1,-1.12076539925174,-1.25343390812203,NM_022780.4
782,NP_073729.1,-0.880804511165303,-0.892573028455069,NM_022818.5
783,NP_075385.1,-1.04947020756255,-1.20181692891492,NM_023009.7
784,NP_075565.2,-0.918170295334823,-0.702317314024241,NM_023077.3
785,NP_076919.1,-1.42805525364692,-1.42721437566082,NM_024014.4
786,NP_076921.1,-1.4260947747951,-1.74054922717585,NM_024016.4
787,NP_076922.1,-1.02164868174467,-1.41179024800726,NM_024017.5
788,NP_076955.1,-0.815772905875307,-0.613677109967582,NM_024050.6
789,NP_076962.2,-0.721802257727706,-0.873112459376247,NM_024057.4
790,NP_077001.1,-0.930118961490736,-0.86542434663022,NM_024096.2
791,NP_077003.1,-1.3540742223591,-1.06777275377485,NM_024098.4
792,NP_077279.1,2.29369153109549,2.05495254971409,NM_024303.4
793,NP_077295.1,-0.731607598828551,-0.495305065547091,NM_024319.4
794,NP_077719.2,-1.07213336950388,-1.03023264207605,NM_024408.4
795,NP_078792.1,-0.942924558549018,-1.26464005311345,NM_024516.4
796,NP_078805.3,-1.20330360679525,-1.00282620526906,NM_024529.5
797,NP_078912.2,1.58331638275156,1.34205010865707,NM_024636.4
798,NP_078913.3,1.33761055458367,1.58448381250883,NM_024637.5
799,NP_078916.3,-0.585002755723925,-0.592239442597311,NM_024640.4
800,NP_079074.2,1.32736051145847,1.10138693059504,NM_024798.3
801,NP_079089.2,-0.57482440141107,-0.48825370827892,NM_024813.3
802,NP_079145.2,1.36283887678816,1.51485668779502,NM_024869.3
803,NP_079239.3,1.06400635664207,0.97033697974668,NM_024963.6
804,NP_079341.2,-1.04385073983441,-0.771066212140154,NM_025065.7
805,NP_079345.1,-0.945945707582343,-0.887906344095748,NM_025069.3
806,NP_079472.1,-1.00571159845421,-1.00265146129688,NM_025196.4
807,NP_079481.2,-0.522303668464133,-0.554446127215804,NM_025205.5
808,NP_079526.1,-0.964030698754163,-0.899030134866942,NM_025250.3
809,NP_085048.1,-0.669302707604755,-0.935782086800083,NM_030571.4
810,NP_110382.3,-0.649327884283613,-1.25426096107707,NM_030755.5
811,NP_110448.2,-0.765788020769715,-0.864259566390347,NM_030821.5
812,NP_112163.1,0.801676354192355,0.901399255468649,NM_030901.2
813,NP_112202.2,-0.864869317562284,-1.00423480947679,NM_030940.4
814,NP_112211.1,-1.00919374434545,-1.02415906152661,NM_030949.3
815,NP_112243.1,-0.599128274729677,-0.847892255827818,NM_030981.3
816,NP_112487.1,-1.13704118287861,-1.31401915515855,NM_031210.6
817,NP_112496.1,2.4870051041943,2.58248344591312,NM_031219.4
818,NP_112570.2,-0.928213901418549,-0.976038136160363,NM_031280.4
819,NP_112577.1,-0.764961301844499,-0.907451633316867,NM_031287.3
820,NP_113647.1,1.86137540117233,0.700500878545641,NM_031459.5
821,NP_113667.1,1.98948615697765,1.90037184408281,NM_031479.5
822,NP_113673.3,-1.27095795686825,-0.956900431690534,NM_031485.4
823,NP_114072.1,-1.69576126046019,-1.82566110142946,NM_031866.3
824,NP_114109.1,-1.29153906641956,-1.02600779439736,NM_031903.3
825,NP_114404.1,-0.620967167761801,-0.844662137175259,NM_032015.5
826,NP_114409.2,-0.879715363646698,-0.791295157415023,NM_032020.5
827,NP_115514.2,-0.828705020888875,-1.02842970837125,NM_032138.7
828,NP_115515.2,-0.96176268470469,-0.895377128647523,NM_032139.3
829,NP_115569.2,-0.876104128747324,-0.925299614945881,NM_032193.4
830,NP_115663.2,-0.733827257290604,-0.7390459112343,NM_032287.3
831,NP_115716.1,-0.81413492604227,-0.766484753882781,NM_032340.4
832,NP_115717.3,-1.14688378398516,-1.06589732645261,NM_032341.5
833,NP_115723.1,-0.774088525921543,-0.875844273287863,NM_032347.3
834,NP_115729.1,-0.715302132141221,-0.688586105336241,NM_032353.4
835,NP_115737.1,-0.993100783213759,-1.07581650859957,NM_032361.4
836,NP_115785.1,-0.763135315571106,-1.00811345276984,NM_032409.3
837,NP_115788.1,-0.599691297884723,-0.626194387612704,NM_032412.4
838,NP_115811.2,-0.687601980971335,-1.05393480548585,NM_032435.3
839,NP_115829.1,2.18304962838788,2.12768796479124,NM_032453.2
840,NP_115865.1,-1.01351052235517,-1.20988585677811,NM_032476.4
841,NP_115867.2,-0.598353611653598,-0.600913338662945,NM_032478.4
842,NP_115898.2,-1.30624541547616,-1.14992766386096,NM_032509.4
843,NP_116045.2,-1.27048954641654,-1.10087773316452,NM_032656.4
844,NP_116072.2,-1.65387633018192,-1.30611857523214,NM_032683.3
845,NP_116103.1,-1.76987945061567,-1.70006836103007,NM_032714.3
846,NP_116120.1,-1.05862641049811,-1.07095670428245,NM_032731.4
847,NP_116161.2,-1.35645955076619,-1.64011302021994,NM_032772.6
848,NP_116185.2,-0.726074619768822,-0.765234074985039,NM_032796.4
849,NP_116236.1,-0.872263811828538,-0.966928861684328,NM_032847.3
850,NP_116253.2,-0.586564237215629,-0.524222868201919,NM_032864.4
851,NP_116270.1,-0.842041867927659,-0.944413200986426,NM_032881.3
852,NP_116558.1,-0.665993838912698,-0.772045119009185,NM_032940.3
853,NP_149073.1,-0.704332822536491,-0.574999864421084,NM_033082.4
854,NP_149110.1,-0.937640807916982,-0.935724262923429,NM_033119.5
855,NP_149123.3,-0.655255719204506,-0.986701447487786,NM_033132.5
856,NP_150597.1,-1.23790753571961,-0.959996119733987,NM_033281.6
857,NP_201575.3,-0.759296726127223,-0.767453394647677,NM_033318.5
858,NP_219494.2,-0.649131281269539,-0.744288566204377,NM_033426.3
859,NP_277050.2,-1.25577175343912,-1.40354474720958,NM_033515.3
860,NP_291025.3,-0.890340643851148,-1.08240729955354,NM_033547.4
861,NP_291028.3,-1.11520439963789,-0.801563122957895,NM_033550.4
862,NP_443082.2,-0.776780446925592,-0.748919859909537,NM_052850.4
863,NP_443089.3,-0.880559869989917,-0.697822417724235,NM_052857.4
864,NP_443130.1,0.97322079308405,1.04249138297501,NM_052898.2
865,NP_443164.2,-1.10027195248672,-1.02792257621084,NM_052932.3
866,NP_444273.1,-0.902142969285967,-0.778229036605201,NM_053045.2
867,NP_444278.1,-0.59148676706627,-0.668173912109263,NM_053050.5
868,NP_510868.1,-1.22427998477267,-1.46869850815016,NM_078468.3
869,NP_510869.1,-1.3776047860838,-1.43090728843791,NM_078469.3
870,NP_524147.2,-0.679147573851971,-0.870544125363965,NM_079423.4
871,NP_542160.1,-0.983292200783155,-0.687724657332287,NM_080593.2
872,NP_542161.1,-0.70975425091965,-0.660688133570699,NM_080594.4
873,NP_542194.2,2.26969658521889,2.36728065822568,NM_080627.4
874,NP_542408.1,-0.720589892333636,-0.562124037410282,NM_080677.3
875,NP_612145.2,1.18286433570156,1.25284339904438,NM_138288.4
876,NP_612206.5,-0.951479435351443,-0.91514645859102,NM_138333.5
877,NP_612367.1,-0.89061644717595,-0.830082790380974,NM_138358.4
878,NP_612404.1,-1.03528214349269,-1.31637462053602,NM_138395.4
879,NP_612417.1,-1.4124574615425,-1.31295902698841,NM_138408.4
880,NP_612435.1,-0.854057068037411,-0.879771215584094,NM_138426.4
881,NP_612452.1,-1.04069876291348,-0.819393153326742,NM_138443.4
882,NP_612453.1,-1.36009676703988,-1.4296842011018,NM_138444.4
883,NP_612455.1,-0.908715394548516,-0.977905422385691,NM_138446.2
884,NP_612456.1,-0.618936290296827,-0.650219098119521,NM_138447.3
885,NP_613075.1,-1.48176545961342,-1.5423296960626,NM_138609.3
886,NP_619541.1,-0.819163168336548,-1.16423032738566,NM_138635.3
887,NP_619634.1,-0.854705626750228,-0.863271126053972,NM_138689.3
888,NP_620175.1,-0.584534450357682,-0.732073487610016,NM_138820.4
889,NP_624311.1,-0.683325143762667,-0.739816143837667,NM_139126.4
890,NP_640335.2,1.19570983854565,1.5818027879884,NM_139242.4
891,NP_644810.2,-1.2765519218952,-1.26577744799264,NM_139281.3
892,NP_653183.2,-0.91021519568653,-1.29950109385717,NM_144582.3
893,NP_653212.1,2.68997501233933,2.70346331089959,NM_144611.4
894,NP_653324.1,-0.935686469431882,-0.867651954264949,NM_144723.3
895,NP_658985.2,-0.826493791504691,-0.847151928330583,NM_144772.3
896,NP_659486.2,-0.97676838263682,-0.758552089056333,NM_145049.5
897,NP_660150.1,-0.98721592336254,-0.912157104609001,NM_145167.3
898,NP_660152.1,-1.10867210904919,-1.10331644120839,NM_145169.3
899,NP_660213.1,-0.836234906023786,-0.911051308438761,NM_145212.4
900,NP_660286.1,-1.23244173735969,-1.22664580800826,NM_145243.5
901,NP_660308.1,1.10622956777136,1.14571311860644,NM_145265.3
902,NP_665805.2,-0.785762945658733,-0.643124986505578,NM_145806.4
903,NP_666500.1,-1.33275574834143,-1.15165630603387,NM_146388.2
904,NP_683684.2,1.95257096665553,1.73920826788112,NM_148886.2
905,NP_683701.2,1.14340379810126,1.14719615075128,NM_148903.3
906,NP_689476.2,1.27803198326561,1.43902685672106,NM_152263.4
907,NP_689521.1,-0.804235560388852,-0.820642129203896,NM_152308.3
908,NP_689575.2,1.76321906682426,1.81375966263078,NM_152362.3
909,NP_689700.1,2.46074506648773,2.85781301531212,NM_152487.3
910,NP_689753.2,-1.71120002817434,-1.11565053328083,NM_152540.4
911,NP_689850.2,-1.74430212832081,-1.40639580261072,NM_152637.3
912,NP_689893.1,0.766107135143785,0.787619083804393,NM_152680.3
913,NP_689942.2,-0.987892081140131,-0.987816538426219,NM_152729.3
914,NP_689952.1,-1.45963056071655,-1.50756807689813,NM_152739.4
915,NP_689979.1,-0.608855998458755,-0.667920662384093,NM_152766.5
916,NP_694964.3,-0.859881455266979,-0.874921598045965,NM_153232.4
917,NP_714924.1,-0.850165481993872,-0.917692815728454,NM_153713.3
918,NP_722517.3,-0.902787548088796,-1.19887451522242,NM_153810.5
919,NP_733751.2,-0.550830027601525,-0.648018471968656,NM_170606.3
920,NP_734467.1,-0.892675850949365,-0.825930708161703,NM_170746.4
921,NP_775837.2,-0.833464034396667,-1.05137857351548,NM_173566.3
922,NP_775873.2,-0.896084095694498,-1.06693459048684,NM_173602.3
923,NP_776190.1,-0.6993183647981,-0.819295950295297,NM_173829.4
924,NP_776251.2,-0.625952245137292,-0.705616570641911,NM_173852.4
925,NP_777549.1,-0.858580045543805,-0.880627454812062,NM_174889.5
926,NP_777569.1,-1.05701178088815,-1.18747674579088,NM_174909.5
927,NP_778236.2,-0.855605623753107,-0.603740389435046,NM_175066.4
928,NP_780294.1,-0.727086793880945,-0.796247257171762,NM_175085.3
929,NP_783313.1,-0.709616229333657,-0.691016829845152,NM_175614.5
930,NP_795361.1,-1.09580545692388,-1.03310935472505,NM_176880.6
931,NP_817092.1,-0.670721181887777,-0.711043468886455,NM_177983.3
932,NP_821066.1,1.73813502349736,1.86124354284628,NM_177999.3
933,NP_848602.1,-1.28399168981154,-1.20497196681688,NM_178507.4
934,NP_848652.2,-0.893981348888733,-1.14473597501286,NM_178557.4
935,NP_859052.3,-1.29540487858784,-1.24877224414503,NM_181701.4
936,NP_859067.2,-0.812240769707463,-1.06955854043537,NM_181716.3
937,NP_861441.2,0.817484145755946,0.869830498272462,NM_181776.3
938,NP_872312.2,0.920667555154931,1.13720587764766,NM_182506.3
939,NP_874364.1,-0.639814701990573,-0.865074863718993,NM_182705.3
940,NP_899060.1,1.77583191507701,1.35817072303182,NM_183237.3
941,NP_899064.1,-0.914672652954693,-0.965153370116639,NM_183241.3
942,NP_919340.1,1.51750244017839,1.45685950049248,NM_194359.2
943,NP_932343.1,-0.777567145458919,-0.65593265723559,NM_198077.4
944,NP_940869.2,-0.732442700668557,-0.75889048636844,NM_198467.3
945,NP_940965.1,-0.751262456271486,-1.36247040142583,NM_198563.5
946,NP_945327.3,-1.16524280973301,-0.923702352544515,NM_198976.4
947,NP_976043.1,-0.868810611560728,-0.891370917863191,NM_203298.3
948,NP_982287.1,-1.03260296272096,-0.969933068060006,NM_203462.3
949,NP_997001.1,-0.608539430407587,-0.757606246538189,NM_207118.3
950,NP_997229.2,-0.87025589689078,-1.01704470453628,NM_207346.3
951,NP_998731.1,-1.06829303498923,-0.979474458954294,NM_213566.2
952,NP_999876.2,1.22418964843784,1.31756255740115,NM_214711.4
953,XP_005246393.1,2.76537825279379,3.29939141991181,XM_005246336.4
954,XP_005246449.1,1.65872637751173,1.64637818172979,XM_005246392.5
955,XP_005251560.1,1.40151703002347,1.50795117279655,XM_005251503.6
956,XP_005252153.1,1.12099017976298,1.31560245632473,XM_005252096.5
957,XP_005254215.2,1.74605860837999,1.75358262580601,XM_005254158.6
958,XP_005256481.1,1.83514620381504,1.89349028269171,XM_005256424.3
959,XP_005258733.1,1.39484423840461,1.24972238527519,XM_005258676.4
960,XP_005259385.1,2.24221449476525,1.90760598529183,XM_005259328.6
961,XP_005259386.1,2.07863719989748,2.09362580473409,XM_005259329.5
962,XP_005263977.1,-1.01785171459434,-0.974733286623161,XM_005263920.4
963,XP_005264464.1,1.62150222713973,1.37201772248476,XM_005264407.4
964,XP_005265713.1,0.620954767693769,0.759337660773795,XM_005265656.4
965,XP_005266501.1,2.13106731693112,2.19799421879549,XM_005266444.4
966,XP_005267375.1,1.59491851358151,1.81921864181295,XM_005267318.5
967,XP_005268522.1,0.939713306764377,0.991085026406416,XM_005268465.5
968,XP_005272986.1,2.06831947143593,2.10650458373828,XM_005272929.4
969,XP_006712390.1,1.9334099509543,2.15407030949393,XM_006712327.4
970,XP_006712882.1,2.06565061945504,2.12814264280129,XM_006712819.4
971,XP_006717091.1,0.536029955510145,0.555039397205739,XM_006717028.4
972,XP_006720617.1,1.04143012594783,1.03755510889263,XM_006720554.5
973,XP_006723077.1,1.56242407660192,1.47924401720945,XM_006723014.5
974,XP_006723466.1,0.902211112988428,0.881510209193432,XM_006723403.5
975,XP_006723896.1,0.822279740203023,0.83852445872844,XM_006723833.5
976,XP_006724776.1,-1.47109170197588,-1.67928082273662,XM_006724713.4
977,XP_011507406.1,1.56968739872038,1.45834705082354,XM_011509104.3
978,XP_011508533.1,1.96640475932154,2.06979030482932,XM_011510231.3
979,XP_011509026.1,1.76841555833334,1.82555183212179,XM_011510724.3
980,XP_011509027.1,1.80693247485308,2.18691501596216,XM_011510725.3
981,XP_011509122.1,2.4908127574675,2.34554196202175,XM_011510820.4
982,XP_011509136.2,0.956948721051062,1.019587307521,XM_011510834.2
983,XP_011509411.1,1.21959218822661,1.2328947826161,XM_011511109.3
984,XP_011510734.1,-1.02858040493703,-1.06858675202798,XM_011512432.3
985,XP_011511369.1,-0.733812389634315,-0.621415659111663,XM_011513067.4
986,XP_011512764.1,1.49862928625724,1.51018162555156,XM_011514462.4
987,XP_011512770.1,1.99532488624709,1.79252768066187,XM_011514468.4
988,XP_011513272.1,-1.39865451076879,-1.26840739699768,XM_011514970.4
989,XP_011514947.1,-1.06408060061737,-1.0843143996164,XM_011516645.4
990,XP_011515246.2,1.33107167808721,1.63920919350767,XM_011516944.3
991,XP_011515350.1,2.21246026825441,2.33231369468393,XM_011517048.3
992,XP_011515351.1,2.5949389373582,2.78077181927404,XM_011517049.3
993,XP_011515609.1,-1.07820080787366,-0.872951900757283,XM_011517307.4
994,XP_011516709.1,1.03731337304194,0.947274690803147,XM_011518407.2
995,XP_011517250.1,1.0245153615501,1.13888385152803,XM_011518948.3
996,XP_011517810.1,2.09925937417721,2.27188052566664,XM_011519508.2
997,XP_011517922.1,-1.64910208811145,-1.08472067051083,XM_011519620.4
998,XP_011518444.2,2.07810986005304,1.81671373561344,XM_011520142.3
999,XP_011522797.1,0.911858787373952,1.74561751052475,XM_011524495.4
1000,XP_011523029.1,-1.78738755500613,-2.64913305238334,XM_011524727.4
1001,XP_011523264.1,1.47178693179234,1.52663166847639,XM_011524962.3
1002,XP_011526658.1,1.37358908711511,1.3687020995299,XM_011528356.3
1003,XP_011528453.1,3.24204628796414,2.96693221077277,XM_011530151.3
1004,XP_011528510.1,1.45608128065493,1.51740574544134,XM_011530208.3
1005,XP_011528511.1,1.43165287347723,1.31268549531868,XM_011530209.3
1006,XP_011528688.1,1.09109087564007,0.992311486895617,XM_011530386.3
1007,XP_011531912.1,1.72659374914477,1.95412343169511,XM_011533610.4
1008,XP_011533444.1,2.05956727106674,1.94903230045898,XM_011535142.4
1009,XP_011533665.1,1.07066593567984,1.13463836087071,XM_011535363.4
1010,XP_011533887.1,-0.987224920331762,-1.2123431975762,XM_011535585.3
1011,XP_011534173.1,1.61468256283276,1.67240956688219,XM_011535871.3
1012,XP_011534174.1,1.28035523781719,1.17780279340904,XM_011535872.3
1013,XP_011535096.1,1.97000555655872,2.33636561653388,XM_011536794.3
1014,XP_011535118.1,1.57106153873212,1.40202176117274,XM_011536816.4
1015,XP_011539360.1,2.09119276877195,2.25039491280215,XM_011541058.4
1016,XP_011539490.1,1.47094271513069,1.4918801224704,XM_011541188.4
1017,XP_011542375.1,5.24823501073523,5.18958620602957,XM_011544073.3
1018,XP_011542811.1,3.82286035740355,3.84770900200032,XM_011544509.3
1019,XP_011543043.1,1.5359330823792,1.56316950164758,XM_011544741.2
1020,XP_016856855.1,0.781960524656554,0.864839552306411,XM_017001366.3
1021,XP_016858594.1,-0.580523426162518,-0.619331986037397,XM_017003105.3
1022,XP_016859843.1,2.69412681546815,2.66122460262587,XM_017004354.3
1023,XP_016859844.1,1.88054453143812,1.99990414998103,XM_017004355.3
1024,XP_016859845.1,2.75407192763229,2.62551793806018,XM_017004356.3
1025,XP_016861563.1,0.579751757020952,0.532747214642227,XM_017006074.3
1026,XP_016861691.1,1.35403913011023,0.982713423518163,XM_017006202.3
1027,XP_016863982.1,1.407540414656,1.54744201344016,XM_017008493.3
1028,XP_016864079.1,1.46921360884404,1.33016076944939,XM_017008590.3
1029,XP_016864180.1,1.43200830028002,1.4008426403529,XM_017008691.3
1030,XP_016864862.1,0.842809894542503,0.839805359692508,XM_017009373.2
1031,XP_016864960.1,1.96779440046855,1.99211807893419,XM_017009471.3
1032,XP_016867287.1,-0.657932231152605,-0.729575508995418,XM_017011798.3
1033,XP_016867486.1,1.33677717755424,1.43929800294096,XM_017011997.2
1034,XP_016869783.1,0.779459271055889,0.877080023267163,XM_017014294.2
1035,XP_016870424.1,1.50464678417179,1.39668054163967,XM_017014935.2
1036,XP_016871316.1,2.23911199470276,2.17048510806516,XM_017015827.3
1037,XP_016872400.1,1.29057248149776,1.3745525158495,XM_017016911.3
1038,XP_016872709.1,1.95786675807397,1.885565125848,XM_017017220.2
1039,XP_016874049.1,1.9893816345083,2.30041689182236,XM_017018560.3
1040,XP_016874787.1,1.76974491204431,1.87276044797493,XM_017019298.2
1041,XP_016874796.1,2.47688545434558,2.9191829343346,XM_017019307.2
1042,XP_016875809.1,0.983074155660424,0.791980794583032,XM_017020320.3
1043,XP_016876136.1,2.57242545368816,3.2633864462804,XM_017020647.2
1044,XP_016876235.1,1.92030285271212,2.00574634033154,XM_017020746.3
1045,XP_016877626.1,2.41792207897266,2.56185161422981,XM_017022137.2
1046,XP_016878321.1,0.908504983013285,1.12691031823222,XM_017022832.3
1047,XP_016878356.1,1.3051513096356,1.44747120657426,XM_017022867.2
1048,XP_016878986.1,0.656296768298607,0.720744971044291,XM_017023497.3
1049,XP_016879637.1,1.65592214530721,1.7866262651432,XM_017024148.2
1050,XP_016879679.1,2.35083058757229,2.38431273652221,XM_017024190.2
1051,XP_016880125.1,1.0316819296404,1.17649361550428,XM_017024636.3
1052,XP_016881788.1,1.07199080926809,1.21392596557287,XM_017026299.3
1053,XP_016882869.1,1.76943371240278,1.37721156632873,XM_017027380.2
1054,XP_016882870.1,1.72673384642291,1.69694606260703,XM_017027381.2
1055,XP_016884235.1,0.795524621609609,0.681353095047982,XM_017028746.3
1056,XP_016884411.1,0.70989658338813,0.592655218922225,XM_017028922.3
1057,XP_016884826.1,0.992572580684353,0.900946521781511,XM_017029337.2
1058,XP_024302594.1,1.239125714106,1.2397562079018,XM_024446826.2
1059,XP_024304631.1,1.33901152989018,1.29727928873307,XM_024448863.2
1060,XP_024304946.1,4.03988197348872,4.03259476348032,XM_024449178.2
1061,XP_024305184.2,1.07584077286952,1.18556906208013,XM_024449416.2
1062,XP_024308490.1,4.00522488366231,3.74632294630849,XM_024452722.2
1063,XP_024308812.1,2.73696639930055,2.28470111955322,XM_024453044.2
1064,XP_024308813.1,2.29405011001291,2.27150304507249,XM_024453045.2
1065,XP_024309119.1,2.28158618142318,2.35403149646512,XM_024453351.2
1066,XP_024309120.1,1.96548275277584,2.13689448073555,XM_024453352.2
1067,XP_024309667.1,1.6300673644674,1.43135425746543,XM_024453899.2
1068,XP_047271971.1,1.2505803325733,1.14346225940488,XM_047416015.1
1069,XP_047272425.1,1.54225695048146,1.79893662366001,XM_047416469.1
1070,XP_047273342.1,-0.782554376078763,-0.64994862466493,XM_047417386.1
1071,XP_047273404.1,0.923979914280038,0.993066309382678,XM_047417448.1
1072,XP_047273767.1,-0.76828116677785,-0.711073042430566,XM_047417811.1
1073,XP_047273893.1,1.36606482148312,1.47946146651248,XM_047417937.1
1074,XP_047274162.1,4.42053149483269,4.50978697459647,XM_047418206.1
1075,XP_047274163.1,2.5058732363562,2.75730559307822,XM_047418207.1
1076,XP_047274264.1,-0.880154257895593,-0.982322582732971,XM_047418308.1
1077,XP_047274566.1,0.931648638253972,1.04581672805709,XM_047418610.1
1078,XP_047274648.1,1.29500736602313,1.54318428833223,XM_047418692.1
1079,XP_047274670.1,0.883863357866684,0.762322715726807,XM_047418714.1
1080,XP_047275141.1,-0.819662783041331,-0.766979560314819,XM_047419185.1
1081,XP_047275167.1,-0.753264839046274,-0.659184349886719,XM_047419211.1
1082,XP_047275631.1,2.18903705583606,2.04505462904478,XM_047419675.1
1083,XP_047275978.1,1.01238963049602,1.1169903560512,XM_047420022.1
1084,XP_047276048.1,2.19093601632765,2.13166323426343,XM_047420092.1
1085,XP_047276282.1,1.44871060218132,1.41439591270645,XM_047420326.1
1086,XP_047276300.1,1.35504552470039,1.40005154981341,XM_047420344.1
1087,XP_047276637.1,-0.855196853381238,-0.713857615262705,XM_047420681.1
1088,XP_047277007.1,-1.74722913580765,-1.62425870411843,XM_047421051.1
1089,XP_047277119.1,1.10152915673357,1.0528327877562,XM_047421163.1
1090,XP_047277153.1,1.47649505454958,1.37721427746118,XM_047421197.1
1091,XP_047277363.1,2.22795772191089,1.93905973759273,XM_047421407.1
1092,XP_047277545.1,1.70224697100555,1.74464274037525,XM_047421589.1
1093,XP_047279196.1,0.613215424509152,0.637666508038994,XM_047423240.1
1094,XP_047279495.1,-1.13077059787963,-1.11319127523789,XM_047423539.1
1095,XP_047279539.1,0.826312737901693,0.60923683535565,XM_047423583.1
1096,XP_047280365.1,1.79135502584917,2.19228891779188,XM_047424409.1
1097,XP_047280798.1,-1.20621560693127,-1.17340469022509,XM_047424842.1
1098,XP_047281197.1,1.47181562515593,1.70616742050552,XM_047425241.1
1099,XP_047281742.1,1.80199484605069,2.14748086738318,XM_047425786.1
1100,XP_047282316.1,1.71826849059488,1.48913438907495,XM_047426360.1
1101,XP_047282319.1,1.91575109159106,1.66927648528541,XM_047426363.1
1102,XP_047282332.1,1.78458065500596,1.71855896928147,XM_047426376.1
1103,XP_047282377.1,1.17728913866262,1.39667596875141,XM_047426421.1
1104,XP_047282511.1,1.92412651452608,1.86159386381793,XM_047426555.1
1105,XP_047283588.1,2.05406431601266,2.34689922480809,XM_047427632.1
1106,XP_047283664.1,0.95511788915364,0.91729875912724,XM_047427708.1
1107,XP_047283671.1,3.35611124148277,3.40421193334414,XM_047427715.1
1108,XP_047284696.1,0.729286640700991,0.775614143725326,XM_047428740.1
1109,XP_047284880.1,0.864410952085608,1.00366757925792,XM_047428924.1
1110,XP_047285456.1,2.28461329400639,2.37157275526366,XM_047429500.1
1111,XP_047285850.1,2.11475128432238,1.97685734724745,XM_047429894.1
1112,XP_047285852.1,0.776556562694339,0.803750662745631,XM_047429896.1
1113,XP_047285946.1,0.849954543312389,0.908562335233645,XM_047429990.1
1114,XP_047286745.1,1.36568232739268,1.37237993586361,XM_047430789.1
1115,XP_047286750.1,2.01677657153582,2.03383289131464,XM_047430794.1
1116,XP_047286758.1,1.51907674529501,1.48796098937747,XM_047430802.1
1117,XP_047286802.1,-1.15416453519919,-1.24832719779174,XM_047430846.1
1118,XP_047287134.1,1.63018154916475,2.25035953810086,XM_047431178.1
1119,XP_047287501.1,3.26617382824376,3.59924240736036,XM_047431545.1
1120,XP_047287729.1,2.42344342954971,2.19903953139488,XM_047431773.1
1121,XP_047287998.1,1.82524214153849,1.96214216601532,XM_047432042.1
1122,XP_047288421.1,1.89214237114174,1.79855725950033,XM_047432465.1
1123,XP_047289318.1,1.03536353541265,1.11314638760512,XM_047433362.1
1124,XP_047289582.1,-0.702877588244004,-0.925507223709505,XM_047433626.1
1125,XP_047289610.1,1.13840013145316,1.14099360640986,XM_047433654.1
1126,XP_047289641.1,1.64395944838628,1.10271073944996,XM_047433685.1
1127,XP_047289643.1,1.58848265496722,1.28009388894163,XM_047433687.1
1128,XP_047289644.1,1.31672070203761,1.32768773877071,XM_047433688.1
1129,XP_047289773.1,1.8726702867276,1.80514328080158,XM_047433817.1
1130,XP_047290316.1,1.01750675346931,1.09086176025804,XM_047434360.1
1131,XP_047290530.1,1.04470678840704,1.08485745978613,XM_047434574.1
1132,XP_047290558.1,1.92531544821608,1.5338181585143,XM_047434602.1
1133,XP_047290559.1,1.3234831270535,1.25671786542475,XM_047434603.1
1134,XP_047290893.1,-1.9324370859909,-1.98329176338719,XM_047434937.1
1135,XP_047290968.1,2.99398616592008,2.97834678860631,XM_047435012.1
1136,XP_047291002.1,2.15299414528401,2.71769707784884,XM_047435046.1
1137,XP_047291128.1,1.38197805335703,1.28494651256884,XM_047435172.1
1138,XP_047291391.1,1.27005406187662,1.1931377262701,XM_047435435.1
1139,XP_047291919.1,1.06026150512323,1.20883997885858,XM_047435963.1
1140,XP_047292102.1,-1.01130768203616,-0.891714326454637,XM_047436146.1
1141,XP_047292137.1,2.1165083443454,2.21693976462227,XM_047436181.1
1142,XP_047292140.1,1.89357278297941,2.2012454270042,XM_047436184.1
1143,XP_047292153.1,1.6282824364797,1.4172409812328,XM_047436197.1
1144,XP_047292691.1,0.67676242252031,0.761864559680131,XM_047436735.1
1145,XP_047293072.1,1.70752001804365,1.26566162179385,XM_047437116.1
1146,XP_047293210.1,0.985024012199929,1.00947945148711,XM_047437254.1
1147,XP_047293220.1,2.92241512586835,3.01066782293692,XM_047437264.1
1148,XP_047293567.1,-0.903626069804572,-1.00932080697498,XM_047437611.1
1149,XP_047294119.1,1.34482062244757,1.5768530386605,XM_047438163.1
1150,XP_047294125.1,1.65369620182964,1.45626931722363,XM_047438169.1
1151,XP_047294852.1,1.4946681576391,1.49002242168209,XM_047438896.1
1152,XP_047295027.1,1.80975717298082,2.03474373998025,XM_047439071.1
1153,XP_047295028.1,2.66999287349208,2.78865513311377,XM_047439072.1
1154,XP_047295030.1,2.25809741731167,2.4332557903334,XM_047439074.1
1155,XP_047295031.1,2.37457112495978,2.32099884531667,XM_047439075.1
1156,XP_047295033.1,2.8898119155542,2.77363049704282,XM_047439077.1
1157,XP_047295417.1,1.52720981339681,1.50880565932201,XM_047439461.1
1158,XP_047295707.1,1.32930218168175,1.37147923660114,XM_047439751.1
1159,XP_047296274.1,2.22810123171161,2.28043157974222,XM_047440318.1
1160,XP_047297470.1,-0.76768602094759,-0.629833102356787,XM_047441514.1
1161,XP_047297813.1,-1.1784728396469,-1.06920946434959,XM_047441857.1
1162,XP_047298140.1,2.11039129302837,2.15259189579447,XM_047442184.1
1163,XP_047298205.1,2.06886123683197,1.87973524114274,XM_047442249.1
1164,XP_047298920.1,1.92109497153298,1.8821968834193,XM_047442964.1
1165,XP_047299272.1,-0.765367336380047,-0.768558560773866,XM_047443316.1
1166,XP_047299686.1,1.91818692358032,1.77319627804126,XM_047443730.1
1167,XP_047300551.1,2.75296985770024,2.89489150562571,XM_047444595.1
1168,XP_047301154.1,0.638725482963646,0.631471985442445,XM_047445198.1
1169,XP_047301922.1,1.51471722829257,1.78911790524283,XM_047445966.1
1170,XP_047301927.1,1.87077256566576,1.47998446527921,XM_047445971.1
1171,XP_047301976.1,1.80393083025858,1.79670024769672,XM_047446020.1
1172,XP_047302115.1,0.693181783233102,0.558543311141651,XM_047446159.1
1173,XP_047302116.1,2.32434637596658,2.41541913694384,XM_047446160.1
1174,XP_047303249.1,0.868730055616367,0.885836343548454,XM_047447293.1
1175,XP_047303406.1,-0.990865790372812,-0.892810235866494,XM_047447450.1
1176,XP_047303421.1,2.28371428773216,2.28042793035645,XM_047447465.1
1177,XP_047303855.1,0.86452364508624,0.825621420469726,XM_047447899.1
1178,XP_047303984.1,1.26187494133724,1.24251602870768,XM_047448028.1
1179,XP_047304789.1,0.77446758259752,0.784798482285066,XM_047448833.1
1180,XP_047304894.1,1.15117326254476,1.14418132616963,XM_047448938.1
1181,XP_047305149.1,-0.559324518426281,-0.501776741472734,XM_047449193.1
1182,XP_047305381.1,1.22800258651864,1.29191502876367,XM_047449425.1
1183,XP_047305484.1,3.00067742024425,3.10674493975514,XM_047449528.1
1184,XP_054185553.1,1.35313025677548,1.31061068391639,XM_054329578.1
1185,XP_054185557.1,-0.857706255144186,-0.797686483730542,XM_054329582.1
1186,XP_054186320.1,-0.922868338689712,-0.820655801310943,XM_054330345.1
1187,XP_054186836.1,-1.2439157623121,-0.963374062988655,XM_054330861.1
1188,XP_054187987.1,-0.51574844703952,-0.631832656467579,XM_054332012.1
1189,XP_054188148.1,-1.13888193647634,-1.02214488324103,XM_054332173.1
1190,XP_054188449.1,-0.670976467522315,-0.868905108115096,XM_054332474.1
1191,XP_054188984.1,1.29816944173616,1.22843527232531,XM_054333009.1
1192,XP_054189276.1,-0.918072850325577,-1.18805242006374,XM_054333301.1
