,lfc_NFlag,REFSEQ_new,REFSEQ,ISO
1,-1.12109378604954,NP_000091,NP_000091.1,NM_000100.4
2,-1.26798938738592,NP_000095,NP_000095.2,NM_000104.4
3,-1.14197402723565,NP_000134,NP_000134.2,NM_000143.4
4,-1.5282703741687,NP_000150,NP_000150.1,NM_000159.4
5,-1.52108536441089,NP_000156,NP_000156.1,NM_000165.5
6,-0.689536727298616,NP_000161,NP_000161.2,NM_000170.3
7,-0.79983768981739,NP_000185,NP_000185.1,NM_000194.3
8,-0.712194906890741,NP_000285,NP_000285.1,NM_000294.3
9,-0.839020793219236,NP_000308,NP_000308.1,NM_000317.3
10,-1.25778434622522,NP_000364,NP_000364.1,NM_000373.4
11,2.86557869710501,NP_000367,NP_000367.1,NM_000376.3
12,-0.841955476521985,NP_000377,NP_000377.1,NM_000386.4
13,-1.21152775472614,NP_000513,NP_000513.2,NM_000522.5
14,1.44976441333324,NP_000516,NP_000516.3,NM_000525.4
15,1.0298801135643,NP_000545,NP_000545.1,NM_000554.6
16,-1.14685687259777,NP_000662,NP_000662.3,NM_000671.4
17,-0.767134419830483,NP_000840,NP_000840.2,NM_000849.5
18,-0.670913863473667,NP_000843,NP_000843.1,NM_000852.4
19,-0.648512828401434,NP_000867,NP_000867.3,NM_000876.4
20,0.584231002972641,NP_000902,NP_000902.3,NM_000911.4
21,-0.570208002420811,NP_000928,NP_000928.1,NM_000937.5
22,-1.17269056185691,NP_000934,NP_000934.1,NM_000943.5
23,-0.737714929261166,NP_000992,NP_000992.1,NM_001001.5
24,-1.14997800948369,NP_001001790,NP_001001790.1,NM_001001790.3
25,-0.987442197476898,NP_001002926,NP_001002926.1,NM_001002926.2
26,-0.99980052718731,NP_001003684,NP_001003684.1,NM_001003684.2
27,-0.684605594517485,NP_001004333,NP_001004333.3,NM_001004333.5
28,0.957531293247973,NP_001004456,NP_001004456.1,NM_001004456.2
29,0.619027084210531,NP_001004466,NP_001004466.1,NM_001004466.2
30,1.93450017909319,NP_001004490,NP_001004490.1,NM_001004490.2
31,1.02250858317247,NP_001004492,NP_001004492.1,NM_001004492.2
32,-0.964749197543111,NP_001004689,NP_001004689.1,NM_001004689.2
33,1.10146730743677,NP_001005465,NP_001005465.1,NM_001005465.2
34,2.14101057649194,NP_001005493,NP_001005493.1,NM_001005493.2
35,-1.09070089746271,NP_001007539,NP_001007539.1,NM_001007538.2
36,-0.703497235846475,NP_001010858,NP_001010858.2,NM_001010858.3
37,-0.703497235846475,NP_001010858,NP_001010858.2-2,NM_001010858.3-2
38,-1.1153049209096,NP_001010866,NP_001010866.1,NM_001010866.4
39,1.75584307193686,NP_001010891,NP_001010891.4,NM_001010891.5
40,-1.0771633335603,NP_001013685,NP_001013685.1,NM_001013663.2
41,4.06556135000559,NP_001014305,NP_001014305.1,NM_001014283.2
42,-1.28013500172082,NP_001017,NP_001017.1,NM_001026.5
43,4.79352617751603,NP_001017535,NP_001017535.1,NM_001017535.2
44,2.16134404061454,NP_001017536,NP_001017536.1,NM_001017536.2
45,-0.645774978955228,NP_001019,NP_001019.1,NM_001028.3
46,-0.645774978955228,NP_001019,NP_001019.1-2,NM_001028.3-2
47,-0.828953413883019,NP_001020,NP_001020.2,NM_001029.5
48,-1.21111533282961,NP_001020262,NP_001020262.1,NM_001025091.2
49,-1.21111533282961,NP_001020262,NP_001020262.1-2,NM_001025091.2-2
50,-1.21111533282961,NP_001020262,NP_001020262.1-4,NM_001025091.2-4
51,-1.21111533282961,NP_001020262,NP_001020262.1-6,NM_001025091.2-6
52,-1.21111533282961,NP_001020262,NP_001020262.1-7,NM_001025091.2-7
53,-0.797889327231858,NP_001020418,NP_001020418.1,NM_001025247.2
54,-0.987151227316518,NP_001025189,NP_001025189.1,NM_001030018.2
55,0.942153750283889,NP_001025231,NP_001025231.1,NM_001030060.3
56,1.78549496029432,NP_001026916,NP_001026916.2,NM_001031746.5
57,-1.25806687774211,NP_001026974,NP_001026974.1,NM_001031804.3
58,1.21023638350805,NP_001034933,NP_001034933.1,NM_001039844.3
59,-0.998049876945233,NP_001035521,NP_001035521.1,NM_001040431.3
60,-0.673149084437178,NP_001035830,NP_001035830.1,NM_001042371.3
61,-0.663000043358817,NP_001036068,NP_001036068.1,NM_001042603.3
62,-1.15964159217546,NP_001041714,NP_001041714.1,NM_001048249.4
63,-0.594837708389818,NP_001061,NP_001061.2,NM_001070.5
64,-0.681298098579851,NP_001065243,NP_001065243.1,NM_001071775.3
65,1.9659909879442,NP_001070664,NP_001070664.1,NM_001077196.2
66,2.5321640065615,NP_001070665,NP_001070665.1,NM_001077197.2
67,2.19414961496457,NP_001070826,NP_001070826.1,NM_001077358.2
68,-0.896717647772121,NP_001070867,NP_001070867.1,NM_001077399.3
69,-0.885853114889176,NP_001071639,NP_001071639.1,NM_001078171.2
70,-0.950141506483544,NP_001071641,NP_001071641.1,NM_001078173.2
71,1.93190524289324,NP_001073583,NP_001073583.1,NM_001080114.2
72,-0.783732030121158,NP_001073970,NP_001073970.1,NM_001080501.3
73,1.33125612634838,NP_001078869,NP_001078869.1,NM_001085400.2
74,-0.716440506432609,NP_001087194,NP_001087194.1,NM_001093725.2
75,-0.870766624924432,NP_001092,NP_001092.1,NM_001101.5
76,1.31549426692711,NP_001092314,NP_001092314.1,NM_001098844.3
77,-0.863165856320986,NP_001093163,NP_001093163.1,NM_001099693.2
78,-0.668428961259188,NP_001094299,NP_001094299.1,NM_001100829.3
79,0.979014939535457,NP_001096624,NP_001096624.1,NM_001103154.2
80,-0.54549964306113,NP_001099043,NP_001099043.1,NM_001105573.2
81,1.8636023145226,NP_001107605,NP_001107605.1,NM_001114133.3
82,-0.790829741340103,NP_001107875,NP_001107875.1,NM_001114403.3
83,2.07154890416422,NP_001108624,NP_001108624.1,NM_001115152.2
84,-0.77792673242953,NP_001118239,NP_001118239.1,NM_001124767.2
85,2.22299346485033,NP_001122402,NP_001122402.1,NM_001128930.3
86,0.806503804362915,NP_001123544,NP_001123544.1,NM_001130072.2
87,-0.808046091562797,NP_001124401,NP_001124401.1,NM_001130929.2
88,1.60016134131081,NP_001127704,NP_001127704.1,NM_001134232.2
89,1.9891517915429,NP_001127872,NP_001127872.1,NM_001134400.2
90,2.00517985564505,NP_001127875,NP_001127875.1,NM_001134403.2
91,1.05379040098531,NP_001128131,NP_001128131.1,NM_001134659.1
92,-0.678211846973886,NP_001129047,NP_001129047.1,NM_001135575.2
93,-0.870265740380089,NP_001129734,NP_001129734.1,NM_001136262.2
94,-0.659478708669218,NP_001135858,NP_001135858.1,NM_001142386.3
95,2.57139836828632,NP_001136120,NP_001136120.1,NM_001142648.2
96,-1.19491744112425,NP_001138722,NP_001138722.1,NM_001145250.2
97,-0.983406476618225,NP_001138922,NP_001138922.2,NM_001145450.3
98,2.31836884642534,NP_001139423,NP_001139423.1,NM_001145951.2
99,-0.771746194548277,NP_001142,NP_001142.2,NM_001151.4
100,-0.813278115774601,NP_001143,NP_001143.2,NM_001152.5
101,-0.623611594238049,NP_001145,NP_001145.1,NM_001154.4
102,1.56545808115471,NP_001153480,NP_001153480.1,NM_001160008.2
103,-0.910711307839265,NP_001156896,NP_001156896.1,NM_001163424.2
104,-1.12430921091662,NP_001156910,NP_001156910.1,NM_001163438.2
105,1.4883451974345,NP_001157918,NP_001157918.1,NM_001164446.3
106,-0.681863360200479,NP_001158275,NP_001158275.1,NM_001164803.2
107,1.62755904028335,NP_001159354,NP_001159354.1,NM_001165882.3
108,1.55653039058636,NP_001164164,NP_001164164.1,NM_001170693.2
109,1.54426116565739,NP_001166284,NP_001166284.1,NM_001172813.2
110,-1.31747953685639,NP_001167460,NP_001167460.1,NM_001173989.4
111,1.50861791840127,NP_001171476,NP_001171476.1,NM_001178005.2
112,1.86091855859324,NP_001171600,NP_001171600.1,NM_001178129.2
113,-0.799601597754868,NP_001171821,NP_001171821.1,NM_001184892.2
114,0.744769365861517,NP_001177962,NP_001177962.1,NM_001191033.2
115,2.97156930420891,NP_001180233,NP_001180233.1,NM_001193304.3
116,-1.1984701980707,NP_001182356,NP_001182356.1,NM_001195427.2
117,2.52307554097101,NP_001182728,NP_001182728.1,NM_001195799.2
118,2.04853096310576,NP_001182732,NP_001182732.1,NM_001195803.2
119,1.19161055299601,NP_001185808,NP_001185808.1,NM_001198879.2
120,2.38333657925177,NP_001186608,NP_001186608.1,NM_001199679.2
121,-1.43089690596425,NP_001186829,NP_001186829.1,NM_001199900.2
122,1.16240994458512,NP_001189163,NP_001189163.1,NM_001202234.2
123,1.85847062159046,NP_001189332,NP_001189332.1,NM_001202403.2
124,0.638840733436916,NP_001191128,NP_001191128.1,NM_001204199.2
125,-1.34907821046797,NP_001193570,NP_001193570.2,NM_001206641.3
126,-1.26447067395767,NP_001193668,NP_001193668.1,NM_001206739.2
127,1.89241453295329,NP_001193900,NP_001193900.1,NM_001206971.3
128,-0.878843838711554,NP_001197,NP_001197.1,NM_001206.4
129,-1.08104020756083,NP_001203,NP_001203.1,NM_001212.4
130,-0.698610642887784,NP_001228,NP_001228.2,NM_001237.5
131,2.40732448182915,NP_001238935,NP_001238935.1,NM_001252006.1
132,0.618882407111861,NP_001244089,NP_001244089.1,NM_001257160.2
133,-0.883058453398463,NP_001244119,NP_001244119.1,NM_001257190.3
134,-1.1948172848187,NP_001244299,NP_001244299.1,NM_001257370.2
135,2.06640987694165,NP_001244954,NP_001244954.1,NM_001258025.2
136,1.32504767368309,NP_001245240,NP_001245240.1,NM_001258311.2
137,-0.615380470096888,NP_001246,NP_001246.2,NM_001255.3
138,2.61816896631744,NP_001255213,NP_001255213.1,NM_001268284.3
139,3.26335023611057,NP_001257322,NP_001257322.1,NM_001270393.2
140,2.11140507135352,NP_001257335,NP_001257335.1,NM_001270406.2
141,1.5595183113852,NP_001258766,NP_001258766.1,NM_001271837.2
142,3.07041953087114,NP_001258781,NP_001258781.1,NM_001271852.3
143,-0.867303472437222,NP_001268226,NP_001268226.1,NM_001281297.2
144,2.41846228583967,NP_001268361,NP_001268361.1,NM_001281432.2
145,2.41846228583967,NP_001268361,NP_001268361.1-2,NM_001281432.2-2
146,2.59570065547523,NP_001269267,NP_001269267.1,NM_001282338.2
147,-1.17241011595965,NP_001269603,NP_001269603.1,NM_001282674.1
148,-2.49091141439363,NP_001271296,NP_001271296.1,NM_001284367.2
149,1.61459580574605,NP_001271430,NP_001271430.1,NM_001284501.2
150,1.06676059488372,NP_001273494,NP_001273494.1,NM_001286565.1
151,-2.20044877516911,NP_001275511,NP_001275511.1,NM_001288582.2
152,1.43444405500353,NP_001275655,NP_001275655.1,NM_001288726.2
153,1.08713319959112,NP_001277935,NP_001277935.1,NM_001291006.2
154,1.23425136079736,NP_001278405,NP_001278405.1,NM_001291476.2
155,1.23425136079736,NP_001278405,NP_001278405.1-2,NM_001291476.2-2
156,0.830114222455352,NP_001278425,NP_001278425.1,NM_001291496.2
157,-1.24909181017024,NP_001287887,NP_001287887.1,NM_001300958.2
158,-1.71831836772652,NP_001287921,NP_001287921.1,NM_001300992.2
159,-1.3842873049148,NP_001289201,NP_001289201.1,NM_001302272.2
160,-0.911965896456103,NP_001300822,NP_001300822.1,NM_001313893.1
161,1.12264209499871,NP_001303848,NP_001303848.1,NM_001316919.1
162,2.14304958598169,NP_001303881,NP_001303881.1,NM_001316952.2
163,2.91077974067306,NP_001304125,NP_001304125.1,NM_001317196.2
164,2.10534839358538,NP_001304960,NP_001304960.1,NM_001318031.2
165,1.20262287923418,NP_001305437,NP_001305437.1,NM_001318508.2
166,1.39444616880841,NP_001305735,NP_001305735.1,NM_001318806.2
167,-1.05387740117739,NP_001305746,NP_001305746.1,NM_001318817.2
168,1.23443345585978,NP_001307186,NP_001307186.1,NM_001320257.2
169,-1.42560573458369,NP_001308701,NP_001308701.1,NM_001321772.2
170,2.39230792549104,NP_001308792,NP_001308792.1,NM_001321863.2
171,1.26458079454463,NP_001308846,NP_001308846.1,NM_001321917.2
172,1.59475236518369,NP_001309136,NP_001309136.1,NM_001322207.2
173,1.09191229267693,NP_001309201,NP_001309201.1,NM_001322272.2
174,1.41913256230623,NP_001309956,NP_001309956.1,NM_001323027.2
175,2.25295064291175,NP_001310222,NP_001310222.1,NM_001323293.2
176,2.25295064291175,NP_001310222,NP_001310222.1-2,NM_001323293.2-2
177,2.19199747774544,NP_001310224,NP_001310224.1,NM_001323295.2
178,2.19199747774544,NP_001310224,NP_001310224.1-2,NM_001323295.2-2
179,2.93685744453729,NP_001310225,NP_001310225.1,NM_001323296.2
180,2.93685744453729,NP_001310225,NP_001310225.1-2,NM_001323296.2-2
181,-1.14767302184215,NP_001333445,NP_001333445.1,NM_001346516.2
182,0.63273332220369,NP_001334849,NP_001334849.2,NM_001347920.2
183,-0.700364069612724,NP_001335,NP_001335.1,NM_001344.4
184,2.43081287497479,NP_001335282,NP_001335282.1,NM_001348353.1
185,1.30606942472715,NP_001336782,NP_001336782.1,NM_001349853.2
186,-1.40282010155214,NP_001337091,NP_001337091.1,NM_001350162.2
187,1.83486270516263,NP_001337142,NP_001337142.1,NM_001350213.2
188,1.61173704299559,NP_001337165,NP_001337165.1,NM_001350236.2
189,2.35926306863926,NP_001338661,NP_001338661.1,NM_001351732.2
190,2.35926306863926,NP_001338661,NP_001338661.1-2,NM_001351732.2-2
191,2.62397247615455,NP_001338662,NP_001338662.1,NM_001351733.2
192,2.62397247615455,NP_001338662,NP_001338662.1-2,NM_001351733.2-2
193,-2.31750249127496,NP_001340024,NP_001340024.1,NM_001353095.2
194,2.29899954910638,NP_001340849,NP_001340849.1,NM_001353920.2
195,1.17821216788179,NP_001341531,NP_001341531.2,NM_001354602.2
196,-1.06589478991821,NP_001341969,NP_001341969.1,NM_001355040.2
197,2.94204819317075,NP_001345335,NP_001345335.1,NM_001358406.2
198,1.83445534083427,NP_001345336,NP_001345336.1,NM_001358407.2
199,2.58868567405383,NP_001345628,NP_001345628.1,NM_001358699.2
200,-1.07720599814213,NP_001348,NP_001348.2,NM_001357.5
201,-1.20383273367515,NP_001349,NP_001349.2,NM_001358.3
202,2.54121515652248,NP_001349665,NP_001349665.1,NM_001362736.2
203,1.90646656647772,NP_001349666,NP_001349666.1,NM_001362737.2
204,1.88595505803081,NP_001349667,NP_001349667.1,NM_001362738.2
205,2.45288130384706,NP_001349714,NP_001349714.1,NM_001362785.2
206,-0.842136444511626,NP_001350435,NP_001350435.1,NM_001363506.2
207,2.0507810830005,NP_001350659,NP_001350659.1,NM_001363730.2
208,2.08317795494752,NP_001350747,NP_001350747.1,NM_001363818.2
209,3.00216542569419,NP_001351014,NP_001351014.1,NM_001364085.2
210,1.85741115492697,NP_001351407,NP_001351407.1,NM_001364478.1
211,1.08063590095,NP_001351611,NP_001351611.1,NM_001364682.1
212,1.51541503953743,NP_001351612,NP_001351612.1,NM_001364683.1
213,1.06450740572268,NP_001354709,NP_001354709.1,NM_001367780.1
214,1.87831957376323,NP_001354993,NP_001354993.1,NM_001368064.1
215,1.9419869036105,NP_001355053,NP_001355053.1,NM_001368124.1
216,-1.27646272514786,NP_001355167,NP_001355167.1,NM_001368238.1
217,-0.912088188715897,NP_001358279,NP_001358279.1,NM_001371350.1
218,2.24847166054969,NP_001358425,NP_001358425.1,NM_001371496.1
219,2.71482138041462,NP_001361590,NP_001361590.1,NM_001374661.1
220,2.23304111896346,NP_001361591,NP_001361591.1,NM_001374662.1
221,0.907407599287811,NP_001362564,NP_001362564.1,NM_001375635.1
222,-0.966308181981287,NP_001369294,NP_001369294.1,NM_001382365.1
223,1.62401477375412,NP_001372982,NP_001372982.1,NM_001386053.1
224,1.45752852422226,NP_001373024,NP_001373024.1,NM_001386095.1
225,1.35797591618001,NP_001373602,NP_001373602.1,NM_001386673.1
226,1.91837976409722,NP_001373740,NP_001373740.1,NM_001386811.1
227,1.50964441026413,NP_001375031,NP_001375031.1,NM_001388102.1
228,0.98530357996093,NP_001375238,NP_001375238.1,NM_001388309.1
229,2.85087709788915,NP_001375327,NP_001375327.1,NM_001388398.1
230,2.04721627343389,NP_001381616,NP_001381616.1,NM_001394687.1
231,2.38802576226564,NP_001381827,NP_001381827.1,NM_001394898.1
232,1.83256662262434,NP_001383337,NP_001383337.1,NM_001396408.1
233,0.810218333572252,NP_001384301,NP_001384301.1,NM_001397372.1
234,-0.840247345345766,NP_001384335,NP_001384335.1,NM_001397406.1
235,1.82681767440031,NP_001387492,NP_001387492.1,NM_001400563.1
236,-0.563726864679245,NP_001393,NP_001393.1,NM_001402.6
237,1.21078881392349,NP_001393761,NP_001393761.1,NM_001406832.1
238,2.88624640581952,NP_001394211,NP_001394211.1,NM_001407282.1
239,2.85249645802419,NP_001394212,NP_001394212.1,NM_001407283.1
240,2.75875033442572,NP_001399131,NP_001399131.1,NM_001412202.1
241,1.22166949144055,NP_001400703,NP_001400703.1,NM_001413774.1
242,-2.59551203827702,NP_001401327,NP_001401327.1,NM_001414398.1
243,-1.11073533764629,NP_001403,NP_001403.1,NM_001412.4
244,-0.771623867464155,NP_001404819,NP_001404819.1,NM_001417890.1
245,-1.23042983364131,NP_001405,NP_001405.1,NM_001414.4
246,-0.538958800670809,NP_001406,NP_001406.1,NM_001415.4
247,-0.966562177989811,NP_001418,NP_001418.2,NM_001427.4
248,1.25129217775227,NP_001428,NP_001428.1,NM_001437.3
249,-0.733385805179712,NP_001478,NP_001478.2,NM_001487.4
250,2.0894352024164,NP_001493,NP_001493.2,NM_001502.4
251,0.866586399918733,NP_001518,NP_001518.3,NM_001527.4
252,-0.612177390826116,NP_001528,NP_001528.1,NM_001537.4
253,-0.783686117830435,NP_001537,NP_001537.1,NM_001546.4
254,-0.7131252016101,NP_001559,NP_001559.1,NM_001568.3
255,-1.1949211715855,NP_001609,NP_001609.2,NM_001618.4
256,-0.660676211745298,NP_001653,NP_001653.1,NM_001662.4
257,-0.73457012310358,NP_001654,NP_001654.1,NM_001663.4
258,-0.802987386565379,NP_001670,NP_001670.1,NM_001679.4
259,-0.749212275872038,NP_001677,NP_001677.2,NM_001686.4
260,-1.08625569369631,NP_001679,NP_001679.2,NM_001688.5
261,-0.81438390204309,NP_001686,NP_001686.1,NM_001695.5
262,-0.793333127416058,NP_001688,NP_001688.1,NM_001697.3
263,-0.56499602882905,NP_001713,NP_001713.2,NM_001722.3
264,-1.12886096199247,NP_001743,NP_001743.1,NM_001752.4
265,1.8055741800232,NP_001784,NP_001784.2,NM_001793.6
266,-1.08483511762522,NP_001805,NP_001805.4,NM_001814.6
267,-0.893656316992388,NP_001818,NP_001818.1,NM_001827.3
268,-1.05639335947155,NP_001836,NP_001836.3,NM_001845.6
269,-0.971193816635255,NP_001837,NP_001837.2,NM_001846.4
270,-0.958886889076104,NP_001854,NP_001854.1,NM_001863.5
271,-0.723453198156141,NP_001857,NP_001857.1,NM_001866.3
272,-0.689582621392351,NP_001858,NP_001858.1,NM_001867.3
273,-0.856284827969709,NP_001864,NP_001864.1,NM_001873.4
274,1.5593695788883,NP_001867,NP_001867.2,NM_001876.4
275,-0.688177740819313,NP_001900,NP_001900.1,NM_001909.5
276,-0.822248497406889,NP_001907,NP_001907.3,NM_001916.5
277,-1.10697283778345,NP_001914,NP_001914.3,NM_001923.5
278,-0.533935337808682,NP_001929,NP_001929.1,NM_001938.3
279,1.50742729345495,NP_001955,NP_001955.1,NM_001964.3
280,1.3093499976734,NP_001966,NP_001966.1,NM_001975.3
281,-2.00288603395364,NP_002039,NP_002039.2,NM_002048.3
282,1.13119238771933,NP_002056,NP_002056.2,NM_002065.7
283,-0.759389150189644,NP_002067,NP_002067.1,NM_002076.4
284,-1.04042981675663,NP_002078,NP_002078.1,NM_002087.4
285,-1.12596028579556,NP_002088,NP_002088.2,NM_002097.3
286,-0.678368567446737,NP_002097,NP_002097.1,NM_002106.4
287,-0.628858873178133,NP_002107,NP_002107.3,NM_002116.8
288,-0.628858873178133,NP_002107,NP_002107.3-3,NM_002116.8-3
289,-0.628858873178133,NP_002107,NP_002107.3-4,NM_002116.8-4
290,-0.795616163557444,NP_002130,NP_002130.2,NM_002139.4
291,-1.41050827565834,NP_002138,NP_002138.1,NM_002147.4
292,-0.877904756177732,NP_002139,NP_002139.2,NM_002148.4
293,-1.07289823171389,NP_002145,NP_002145.3,NM_002154.4
294,-1.54232892937261,NP_002148,NP_002148.1,NM_002157.3
295,-0.752417316580238,NP_002284,NP_002284.3,NM_002293.4
296,-1.21823798167315,NP_002285,NP_002285.1,NM_002294.3
297,-0.670123866914849,NP_002347,NP_002347.5,NM_002356.7
298,-0.711656954976658,NP_002349,NP_002349.1,NM_002358.4
299,-1.21037326614625,NP_002361,NP_002361.1,NM_002370.4
300,-0.915241275407298,NP_002386,NP_002386.1,NM_002395.6
301,-0.730451587627699,NP_002430,NP_002430.3,NM_002439.5
302,-1.02495898359112,NP_002439,NP_002439.2,NM_002448.3
303,-0.687756366808127,NP_002464,NP_002464.1,NM_002473.6
304,-0.791075601044047,NP_002480,NP_002480.1,NM_002489.4
305,-0.716338780742677,NP_002481,NP_002481.3,NM_002490.6
306,-0.716338780742677,NP_002481,NP_002481.3-2,NM_002490.6-2
307,-0.716338780742677,NP_002481,NP_002481.3-3,NM_002490.6-3
308,-0.716338780742677,NP_002481,NP_002481.3-5,NM_002490.6-5
309,-1.08998402585433,NP_002484,NP_002484.1,NM_002493.5
310,-0.683471116900084,NP_002487,NP_002487.1,NM_002496.4
311,-1.13921787236873,NP_002499,NP_002499.2,NM_002508.3
312,-0.580179721559681,NP_002513,NP_002513.2,NM_002522.4
313,-1.31927538308283,NP_002554,NP_002554.1,NM_002563.5
314,-0.724696763304042,NP_002559,NP_002559.2,NM_002568.4
315,-2.23023811247959,NP_002580,NP_002580.2,NM_002589.4
316,-0.75817392875825,NP_002613,NP_002613.2,NM_002622.5
317,-1.03255732062872,NP_002678,NP_002678.3,NM_002687.4
318,-0.690272270621944,NP_002687,NP_002687.1,NM_002696.3
319,-1.0717352276198,NP_002694,NP_002694.3,NM_002703.5
320,-1.24848356837122,NP_002727,NP_002727.2,NM_002736.3
321,-1.24848356837122,NP_002727,NP_002727.2-2,NM_002736.3-2
322,-0.637384130683988,NP_002736,NP_002736.3,NM_002745.5
323,-1.01997010613682,NP_002778,NP_002778.1,NM_002787.5
324,-0.95704714218285,NP_002783,NP_002783.1,NM_002792.4
325,-0.76626802980178,NP_002784,NP_002784.1,NM_002793.4
326,-0.856072900997468,NP_002786,NP_002786.2,NM_002795.4
327,-0.856072900997468,NP_002786,NP_002786.2-2,NM_002795.4-2
328,-0.998766554999419,NP_002787,NP_002787.2,NM_002796.3
329,-1.11192656851239,NP_002789,NP_002789.1,NM_002798.3
330,-0.846996011527618,NP_002790,NP_002790.1,NM_002799.4
331,-0.998668576190337,NP_002794,NP_002794.1,NM_002803.4
332,-0.970163800541288,NP_002802,NP_002802.2,NM_002811.5
333,-0.613003464076162,NP_002803,NP_002803.2,NM_002812.5
334,-0.574783408596795,NP_002814,NP_002814.3,NM_002823.5
335,1.11574330265111,NP_002817,NP_002817.2,NM_002826.5
336,-1.12484453878456,NP_002878,NP_002878.2,NM_002887.4
337,-0.609077710012314,NP_002892,NP_002892.1,NM_002901.4
338,1.47967431360399,NP_002893,NP_002893.1,NM_002902.3
339,-0.792369591377977,NP_002906,NP_002906.1,NM_002915.4
340,-0.676525773151698,NP_002922,NP_002922.2,NM_002931.4
341,-0.676525773151698,NP_002922,NP_002922.2-5,NM_002931.4-5
342,-0.676525773151698,NP_002922,NP_002922.2-6,NM_002931.4-6
343,-1.2120884144289,NP_003007,NP_003007.2,NM_003016.4
344,-1.04017420739234,NP_003008,NP_003008.1,NM_003017.5
345,-1.03115083214621,NP_003019,NP_003019.2,NM_003028.3
346,-0.829885013806164,NP_003065,NP_003065.3,NM_003074.4
347,-0.613916215979675,NP_003081,NP_003081.2,NM_003090.4
348,-0.85248256258142,NP_003082,NP_003082.1,NM_003091.4
349,-0.92909244178917,NP_003084,NP_003084.1,NM_003093.3
350,-1.25414511681232,NP_003086,NP_003086.1,NM_003095.5
351,-0.941522464444136,NP_003098,NP_003098.1,NM_003107.3
352,-1.06332403610665,NP_003115,NP_003115.1,NM_003124.5
353,-1.13410623621605,NP_003123,NP_003123.2,NM_003132.3
354,-0.98313843777995,NP_003128,NP_003128.3,NM_003137.5
355,-0.918033272939119,NP_003189,NP_003189.3,NM_003198.3
356,-0.644431827091773,NP_003246,NP_003246.1,NM_003255.5
357,-0.877362503609168,NP_003253,NP_003253.1,NM_003262.4
358,1.61228907593555,NP_003256,NP_003256.1,NM_003265.3
359,1.40310756269636,NP_003272,NP_003272.3,NM_003281.4
360,-1.13435762025042,NP_003277,NP_003277.1,NM_003286.4
361,-0.915730727079823,NP_003283,NP_003283.2,NM_003292.3
362,-0.920579309534831,NP_003320,NP_003320.2,NM_003329.4
363,-0.701182473036329,NP_003328,NP_003328.1,NM_003337.4
364,-1.12715313385842,NP_003339,NP_003339.1,NM_003348.4
365,-0.772999008043503,NP_003356,NP_003356.2,NM_003365.3
366,-1.0515320260262,NP_003357,NP_003357.2,NM_003366.4
367,-1.0515320260262,NP_003357,NP_003357.2-2,NM_003366.4-2
368,-0.856467489802489,NP_003394,NP_003394.1,NM_003403.5
369,-0.576509623147885,NP_003396,NP_003396.1,NM_003405.4
370,-1.09538745655867,NP_003404,NP_003404.1,NM_003413.4
371,-0.990147386792006,NP_003473,NP_003473.3,NM_003482.4
372,-0.889228776659826,NP_003474,NP_003474.1,NM_003483.6
373,-0.741967683602805,NP_003533,NP_003533.1,NM_003542.4
374,1.38263160490498,NP_003576,NP_003576.2,NM_003585.5
375,1.38263160490498,NP_003576,NP_003576.2-2,NM_003585.5-2
376,-0.935249888990841,NP_003592,NP_003592.3,NM_003601.4
377,-0.822570710949713,NP_003674,NP_003674.1,NM_003683.6
378,0.93522433779108,NP_003705,NP_003705.1,NM_003714.3
379,-0.63445203006788,NP_003741,NP_003741.1,NM_003750.4
380,-0.769443530867138,NP_003840,NP_003840.2,NM_003849.4
381,-0.94032725862481,NP_003841,NP_003841.1,NM_003850.3
382,-0.752718817920235,NP_003861,NP_003861.1,NM_003870.4
383,-1.37473062893366,NP_003904,NP_003904.3,NM_003913.5
384,-1.38148675693962,NP_003974,NP_003974.3,NM_003983.6
385,-0.744156966029952,NP_004036,NP_004036.1,NM_004045.4
386,-0.788499884764083,NP_004065,NP_004065.1,NM_004074.3
387,-1.17196802449366,NP_004068,NP_004068.2,NM_004077.3
388,-0.810108531008812,NP_004083,NP_004083.3,NM_004092.4
389,-0.472160668720403,NP_004087,NP_004087.1,NM_004096.5
390,-0.571668587224064,NP_004102,NP_004102.1,NM_004111.6
391,-1.25483034094348,NP_004115,NP_004115.1,NM_004124.3
392,-1.16079232452291,NP_004119,NP_004119.1,NM_004128.3
393,-0.798698134488173,NP_004125,NP_004125.3,NM_004134.7
394,-0.859446535128704,NP_004138,NP_004138.1,NM_004147.4
395,-1.08093533168899,NP_004172,NP_004172.2,NM_004181.5
396,-0.815017371288439,NP_004209,NP_004209.2,NM_004218.4
397,-1.01795588983918,NP_004243,NP_004243.1,NM_004252.5
398,-0.801748947116715,NP_004246,NP_004246.2,NM_004255.4
399,-0.898374742851599,NP_004270,NP_004270.2,NM_004279.3
400,-1.31563547018973,NP_004271,NP_004271.1,NM_004280.5
401,-1.8827273074974,NP_004280,NP_004280.5,NM_004289.7
402,-0.491426832579052,NP_004334,NP_004334.1,NM_004343.4
403,-1.14568891141385,NP_004389,NP_004389.2,NM_004398.4
404,-1.14654194140888,NP_004396,NP_004396.1,NM_004405.4
405,-1.03196117640334,NP_004441,NP_004441.1,NM_004450.3
406,-0.78919312010146,NP_004452,NP_004452.1,NM_004461.3
407,-0.632092923739922,NP_004468,NP_004468.1,NM_004477.3
408,-0.632092923739922,NP_004468,NP_004468.1-2,NM_004477.3-2
409,-0.632092923739922,NP_004468,NP_004468.1-3,NM_004477.3-3
410,-0.632092923739922,NP_004468,NP_004468.1-4,NM_004477.3-4
411,-1.35510308367805,NP_004493,NP_004493.3,NM_004502.4
412,-0.814440800667805,NP_004514,NP_004514.2,NM_004523.4
413,-0.920731141366305,NP_004532,NP_004532.1,NM_004541.4
414,-0.950785751999575,NP_004536,NP_004536.3,NM_004545.4
415,-0.716119620195731,NP_004539,NP_004539.1,NM_004548.3
416,-1.23915000087085,NP_004542,NP_004542.1,NM_004551.3
417,-1.23915000087085,NP_004542,NP_004542.1-2,NM_004551.3-2
418,-0.949391834206647,NP_004544,NP_004544.1,NM_004553.6
419,-0.962455974580523,NP_004550,NP_004550.2,NM_004559.5
420,-0.971331710575036,NP_004573,NP_004573.2,NM_004582.4
421,-0.710009912200857,NP_004598,NP_004598.1,NM_004607.3
422,-0.896847578840542,NP_004628,NP_004628.4,NM_004637.6
423,-1.1269741675774,NP_004636,NP_004636.1,NM_004645.3
424,-0.70385547257206,NP_004696,NP_004696.2,NM_004705.4
425,-1.03278935147209,NP_004699,NP_004699.1,NM_004708.4
426,-0.661637818338911,NP_004716,NP_004716.1,NM_004725.4
427,-1.07851921188209,NP_004772,NP_004772.1,NM_004781.4
428,-0.767375961164259,NP_004773,NP_004773.1,NM_004782.4
429,-0.890499722720985,NP_004791,NP_004791.1,NM_004800.3
430,-0.62889057502627,NP_004795,NP_004795.1,NM_004804.3
431,-0.788680062551688,NP_004805,NP_004805.2,NM_004814.3
432,-0.969299499200786,NP_004809,NP_004809.2,NM_004818.3
433,3.5925873673112,NP_004855,NP_004855.2,NM_004864.4
434,-0.612758585280667,NP_004881,NP_004881.2,NM_004890.3
435,-0.773875369460531,NP_004883,NP_004883.3,NM_004892.6
436,2.01173146704218,NP_004892,NP_004892.1,NM_004901.5
437,-0.9869996202058,NP_004896,NP_004896.1,NM_004905.3
438,-0.998500175798984,NP_004930,NP_004930.1,NM_004939.3
439,-0.513431220265507,NP_004992,NP_004992.2,NM_005001.5
440,-0.903900811797185,NP_004993,NP_004993.1,NM_005002.5
441,-0.511788194412538,NP_005006,NP_005006.4,NM_005015.5
442,-0.735467524217698,NP_005025,NP_005025.1,NM_005034.4
443,-0.895463597539986,NP_005054,NP_005054.3,NM_005063.5
444,1.11677575469687,NP_005064,NP_005064.1,NM_005073.4
445,-0.88653125040965,NP_005073,NP_005073.2,NM_005082.5
446,-0.918816944684717,NP_005096,NP_005096.1,NM_005105.5
447,-0.918987323948272,NP_005116,NP_005116.1,NM_005125.2
448,2.0934910648019,NP_005197,NP_005197.3,NM_005206.5
449,2.0934910648019,NP_005197,NP_005197.3-2,NM_005206.5-2
450,-0.702635858191536,NP_005198,NP_005198.1,NM_005207.4
451,-0.522502637305915,NP_005207,NP_005207.3,NM_005216.5
452,-0.891046054167022,NP_005240,NP_005240.3,NM_005249.5
453,-0.612133425049759,NP_005264,NP_005264.2,NM_005273.4
454,-0.924866889022225,NP_005265,NP_005265.1,NM_005274.3
455,-0.689197264519057,NP_005361,NP_005361.2,NM_005370.5
456,-0.839621097179817,NP_005372,NP_005372.2,NM_005381.3
457,-0.734095573713321,NP_005397,NP_005397.1,NM_005406.3
458,-0.784699202665334,NP_005406,NP_005406.3,NM_005415.5
459,-1.18638616045336,NP_005427,NP_005427.2,NM_005436.5
460,-0.844893569018317,NP_005436,NP_005436.1,NM_005445.4
461,-0.77773930460425,NP_005473,NP_005473.1,NM_005482.3
462,-1.00911456317066,NP_005485,NP_005485.1,NM_005494.3
463,-1.03511019402981,NP_005498,NP_005498.1,NM_005507.3
464,-0.781461804521033,NP_005508,NP_005508.1,NM_005517.4
465,-1.08123069616888,NP_005514,NP_005514.1,NM_005523.6
466,-0.939510517740016,NP_005660,NP_005660.4,NM_005669.5
467,-0.769027632200688,NP_005723,NP_005723.2,NM_005732.4
468,-1.03789534336377,NP_005724,NP_005724.1,NM_005733.3
469,-0.95026025051402,NP_005751,NP_005751.2,NM_005760.3
470,-0.582563508259883,NP_005753,NP_005753.1,NM_005762.3
471,1.4325163013689,NP_005759,NP_005759.4,NM_005768.6
472,-0.579133481524165,NP_005767,NP_005767.1,NM_005776.3
473,-0.708227227752092,NP_005773,NP_005773.3,NM_005782.4
474,-0.814061550312445,NP_005774,NP_005774.2,NM_005783.4
475,-1.04331831363065,NP_005782,NP_005782.1,NM_005791.3
476,-0.900003840312699,NP_005796,NP_005796.1,NM_005805.6
477,-0.888131279324701,NP_005800,NP_005800.3,NM_005809.6
478,-1.03395076965441,NP_005802,NP_005802.1,NM_005811.5
479,-0.585672103549416,NP_005819,NP_005819.3,NM_005828.5
480,-0.943532260689729,NP_005821,NP_005821.2,NM_005830.4
481,-1.66038956662269,NP_005827,NP_005827.1,NM_005836.3
482,-0.676646398030648,NP_005828,NP_005828.2,NM_005837.3
483,-0.721287258491005,NP_005849,NP_005849.1,NM_005858.4
484,-0.449744177709392,NP_005850,NP_005850.1,NM_005859.5
485,-0.935684390386879,NP_005863,NP_005863.1,NM_005872.3
486,-0.725915674369979,NP_005868,NP_005868.1,NM_005877.6
487,-0.892190924316071,NP_005871,NP_005871.1,NM_005880.4
488,-0.75130554457334,NP_005877,NP_005877.2,NM_005886.3
489,-0.980490548926718,NP_005906,NP_005906.2,NM_005915.6
490,-1.13584610497972,NP_005947,NP_005947.3,NM_005956.4
491,-0.716705023199522,NP_005964,NP_005964.3,NM_005973.5
492,-0.690170650366072,NP_005990,NP_005990.1,NM_005999.3
493,-0.811751514758146,NP_005994,NP_005994.2,NM_006003.3
494,-1.50870116267092,NP_006020,NP_006020.4,NM_006029.5
495,-0.978877852372148,NP_006053,NP_006053.2,NM_006062.3
496,-0.752631666193866,NP_006073,NP_006073.2,NM_006082.3
497,-0.69363656054662,NP_006074,NP_006074.2,NM_006083.4
498,-0.729118404307988,NP_006079,NP_006079.1,NM_006088.6
499,-0.791717138128364,NP_006147,NP_006147.1,NM_006156.3
500,-0.791717138128364,NP_006147,NP_006147.1-2,NM_006156.3-2
501,-1.05092976026466,NP_006169,NP_006169.2,NM_006178.4
502,-1.05092976026466,NP_006169,NP_006169.2-2,NM_006178.4-2
503,-0.790591885990584,NP_006182,NP_006182.2,NM_006191.3
504,-0.804112557622083,NP_006187,NP_006187.2,NM_006196.4
505,-1.03896466733412,NP_006214,NP_006214.3,NM_006223.4
506,-0.767041351592885,NP_006228,NP_006228.3,NM_006237.4
507,-0.514614685138079,NP_006256,NP_006256.1,NM_006265.3
508,-1.15550497300039,NP_006266,NP_006266.2,NM_006275.6
509,-0.60486414621784,NP_006280,NP_006280.3,NM_006289.4
510,-1.1282458007002,NP_006295,NP_006295.1,NM_006304.2
511,-1.13763903804077,NP_006296,NP_006296.1,NM_006305.4
512,-0.621128846711774,NP_006311,NP_006311.3,NM_006320.6
513,-0.899231473490278,NP_006315,NP_006315.1,NM_006324.3
514,-0.900309452513946,NP_006323,NP_006323.2,NM_006332.5
515,-0.851114158709788,NP_006326,NP_006326.1,NM_006335.3
516,-0.800628925559275,NP_006360,NP_006360.3,NM_006369.5
517,-0.738931041436145,NP_006382,NP_006382.1,NM_006391.3
518,-0.612644523620123,NP_006388,NP_006388.2,NM_006397.3
519,-0.818068054334082,NP_006392,NP_006392.1,NM_006401.3
520,-0.758478179226211,NP_006397,NP_006397.1,NM_006406.2
521,-1.14993610201276,NP_006398,NP_006398.1,NM_006407.4
522,-1.62740502799231,NP_006428,NP_006428.2,NM_006437.4
523,-0.799919445797035,NP_006444,NP_006444.2,NM_006453.3
524,-0.791221201774607,NP_006445,NP_006445.1,NM_006454.3
525,-0.744031690036222,NP_006451,NP_006451.1,NM_006460.3
526,-0.812616316510854,NP_006467,NP_006467.4,NM_006476.5
527,-0.901399279162807,NP_006501,NP_006501.1,NM_006510.5
528,-0.901399279162807,NP_006501,NP_006501.1-3,NM_006510.5-3
529,-0.901399279162807,NP_006501,NP_006501.1-4,NM_006510.5-4
530,-0.901399279162807,NP_006501,NP_006501.1-6,NM_006510.5-6
531,-0.901399279162807,NP_006501,NP_006501.1-7,NM_006510.5-7
532,-1.02764251832392,NP_006561,NP_006561.1,NM_006570.5
533,-1.21816717053805,NP_006562,NP_006562.1,NM_006571.4
534,-0.686057543602445,NP_006570,NP_006570.1,NM_006579.3
535,1.91547924405982,NP_006603,NP_006603.2,NM_006612.6
536,-0.97863876371409,NP_006618,NP_006618.1,NM_006627.3
537,-1.51611120322769,NP_006658,NP_006658.1,NM_006667.5
538,-0.841025770230076,NP_006685,NP_006685.1,NM_006694.4
539,-0.736625380869666,NP_006694,NP_006694.1,NM_006703.4
540,-0.778028868016949,NP_006708,NP_006708.2,NM_006717.3
541,-1.01075830875593,NP_006734,NP_006734.1,NM_006743.5
542,-0.787166930347743,NP_006752,NP_006752.1,NM_006761.5
543,-0.787166930347743,NP_006752,NP_006752.1-2,NM_006761.5-2
544,-0.901635871667623,NP_006758,NP_006758.2,NM_006767.4
545,-1.31183717861908,NP_006784,NP_006784.1,NM_006793.5
546,-0.841549823658634,NP_006796,NP_006796.1,NM_006805.4
547,-1.10490602574307,NP_006817,NP_006817.1,NM_006826.4
548,-0.689685941547099,NP_006818,NP_006818.3,NM_006827.6
549,-0.7989655266572,NP_006824,NP_006824.2,NM_006833.5
550,1.25074820016462,NP_006857,NP_006857.2,NM_006866.4
551,1.25074820016462,NP_006857,NP_006857.2-2,NM_006866.4-2
552,1.25074820016462,NP_006857,NP_006857.2-3,NM_006866.4-3
553,1.25074820016462,NP_006857,NP_006857.2-4,NM_006866.4-4
554,-0.890127106832019,NP_006867,NP_006867.1,NM_006876.3
555,-0.731562218533288,NP_008817,NP_008817.1,NM_006886.4
556,-0.551040190365085,NP_008818,NP_008818.3,NM_006887.5
557,-1.04683798884253,NP_008827,NP_008827.2,NM_006896.4
558,-1.33410513900629,NP_008828,NP_008828.1,NM_006897.3
559,-0.654214221868126,NP_008844,NP_008844.1,NM_006913.4
560,-0.654214221868126,NP_008844,NP_008844.1-5,NM_006913.4-5
561,-0.654214221868126,NP_008844,NP_008844.1-6,NM_006913.4-6
562,-0.654214221868126,NP_008844,NP_008844.1-7,NM_006913.4-7
563,-1.12161284454722,NP_008864,NP_008864.4,NM_006933.7
564,-0.727055263803158,NP_008868,NP_008868.3,NM_006937.4
565,-0.772234461771168,NP_008869,NP_008869.1,NM_006938.4
566,2.81233779615052,NP_008922,NP_008922.1,NM_006991.5
567,2.81233779615052,NP_008922,NP_008922.1-2,NM_006991.5-2
568,-1.18447849819108,NP_008937,NP_008937.1,NM_007006.3
569,-0.610173537833466,NP_008986,NP_008986.2,NM_007055.4
570,-1.00823404953893,NP_008996,NP_008996.1,NM_007065.4
571,-0.632654027473375,NP_009031,NP_009031.1,NM_007100.4
572,-0.823172472580095,NP_009039,NP_009039.1,NM_007108.4
573,-1.48364058223142,NP_009060,NP_009060.2,NM_007129.5
574,-0.818227162667759,NP_009107,NP_009107.1,NM_007176.4
575,-0.866667993049774,NP_009120,NP_009120.1,NM_007189.3
576,-0.85311150333209,NP_009123,NP_009123.1,NM_007192.4
577,-0.856442687251002,NP_009135,NP_009135.4,NM_007204.5
578,-1.19978103085847,NP_009139,NP_009139.1,NM_007208.4
579,-0.73966065707844,NP_009216,NP_009216.1,NM_007285.7
580,1.15218044963679,NP_009223,NP_009223.2,NM_007292.6
581,-1.15798859647683,NP_031401,NP_031401.1,NM_007375.4
582,-0.93374860009886,NP_036203,NP_036203.1,NM_012071.4
583,1.12086658821096,NP_036346,NP_036346.1,NM_012214.3
584,-0.75787155514332,NP_036364,NP_036364.2,NM_012232.6
585,-0.67928713503028,NP_036380,NP_036380.2,NM_012248.4
586,-0.721325780498621,NP_036394,NP_036394.1,NM_012262.4
587,-0.612214078924798,NP_036442,NP_036442.3,NM_012310.5
588,-1.00636141553512,NP_036449,NP_036449.1,NM_012317.4
589,-0.713026625087938,NP_036451,NP_036451.4,NM_012319.4
590,-1.39882282147184,NP_036465,NP_036465.2,NM_012333.5
591,-1.13808225643558,NP_036474,NP_036474.1,NM_012342.3
592,1.3350936615384,NP_036506,NP_036506.1,NM_012374.2
593,2.25566522870639,NP_036507,NP_036507.2,NM_012375.3
594,-0.929801429650228,NP_036546,NP_036546.2,NM_012414.4
595,-0.818476110023832,NP_036558,NP_036558.3,NM_012426.5
596,-1.36305696482526,NP_036591,NP_036591.3,NM_012459.4
597,-0.839030669355848,NP_036611,NP_036611.2,NM_012479.4
598,-0.78199939838258,NP_037408,NP_037408.2,NM_013276.4
599,0.848189390749347,NP_037465,NP_037465.2,NM_013333.4
600,-0.737893590731818,NP_037469,NP_037469.2,NM_013337.4
601,-0.737893590731818,NP_037469,NP_037469.2-2,NM_013337.4-2
602,-1.00099874607882,NP_037471,NP_037471.2,NM_013339.4
603,-1.43744487913862,NP_037505,NP_037505.1,NM_013373.4
604,-1.09928398618351,NP_037507,NP_037507.1,NM_013375.4
605,-1.09928398618351,NP_037507,NP_037507.1-2,NM_013375.4-2
606,-0.977458541240248,NP_037519,NP_037519.2,NM_013387.4
607,1.87508910649555,NP_038460,NP_038460.4,NM_013432.5
608,-0.898737831736017,NP_038472,NP_038472.2,NM_013444.4
609,0.831915046345279,NP_039228,NP_039228.1,NM_013940.4
610,-1.07450930737793,NP_054733,NP_054733.2,NM_014014.5
611,1.79231712900133,NP_054745,NP_054745.1,NM_014026.6
612,-0.743526667626307,NP_054760,NP_054760.4,NM_014041.5
613,-0.866200102006445,NP_054766,NP_054766.1,NM_014047.3
614,-1.08926846899696,NP_054770,NP_054770.1,NM_014051.4
615,-1.24578223383714,NP_054797,NP_054797.2,NM_014078.6
616,1.53215122402889,NP_054868,NP_054868.3,NM_014149.4
617,-1.29388845804174,NP_054880,NP_054880.2,NM_014161.5
618,-0.826351931679691,NP_054886,NP_054886.2,NM_014167.5
619,-1.53727882003312,NP_054894,NP_054894.1,NM_014175.4
620,-0.88051713243847,NP_054900,NP_054900.2,NM_014181.3
621,-0.666930438105758,NP_054907,NP_054907.1,NM_014188.3
622,-1.79449112114353,NP_055028,NP_055028.3,NM_014213.4
623,-1.27553134450036,NP_055070,NP_055070.1,NM_014255.7
624,-0.940584356546023,NP_055095,NP_055095.2,NM_014280.3
625,-0.940584356546023,NP_055095,NP_055095.2-2,NM_014280.3-2
626,-0.963026103615103,NP_055121,NP_055121.1,NM_014306.5
627,-0.699469938559462,NP_055136,NP_055136.1,NM_014321.4
628,1.72573440301745,NP_055145,NP_055145.3,NM_014330.5
629,-0.800204841517099,NP_055209,NP_055209.2,NM_014394.3
630,-0.897472802217795,NP_055214,NP_055214.1,NM_014399.4
631,-0.700729359028335,NP_055217,NP_055217.2,NM_014402.5
632,2.36108058285612,NP_055257,NP_055257.2,NM_014442.3
633,-0.55537690142204,NP_055260,NP_055260.1,NM_014445.4
634,-0.775625901323835,NP_055278,NP_055278.1,NM_014463.3
635,-0.718019211177925,NP_055317,NP_055317.1,NM_014502.5
636,-1.41438345100194,NP_055318,NP_055318.2,NM_014503.3
637,-0.79384544691514,NP_055417,NP_055417.1,NM_014602.3
638,-0.736777411808908,NP_055422,NP_055422.1,NM_014607.4
639,-1.01401044809727,NP_055429,NP_055429.2,NM_014614.3
640,1.58655060404426,NP_055498,NP_055498.3,NM_014683.4
641,-0.724039194175328,NP_055524,NP_055524.3,NM_014709.4
642,-1.1657936074545,NP_055554,NP_055554.1,NM_014739.3
643,-0.6061207272486,NP_055567,NP_055567.2,NM_014752.3
644,-0.73986496230344,NP_055570,NP_055570.1,NM_014755.3
645,-0.916066960565605,NP_055575,NP_055575.3,NM_014760.4
646,-0.953678923735042,NP_055577,NP_055577.1,NM_014762.4
647,-1.21704362935661,NP_055578,NP_055578.2,NM_014763.4
648,-0.687796519072264,NP_055680,NP_055680.3,NM_014865.4
649,-1.20278923863098,NP_055693,NP_055693.4,NM_014878.5
650,-0.937017604079789,NP_055701,NP_055701.1,NM_014886.6
651,-0.690000737386834,NP_055706,NP_055706.1,NM_014891.7
652,-1.24098140655322,NP_055723,NP_055723.1,NM_014908.4
653,-0.780761328338069,NP_055787,NP_055787.1,NM_014972.3
654,-1.2731339529908,NP_055816,NP_055816.2,NM_015001.3
655,-0.793586861472104,NP_055871,NP_055871.1,NM_015056.3
656,-1.07500889019396,NP_055872,NP_055872.4,NM_015057.5
657,-0.860804404919138,NP_055946,NP_055946.1,NM_015131.3
658,-1.10966850127218,NP_055955,NP_055955.1,NM_015140.4
659,-1.18672316214413,NP_055959,NP_055959.2,NM_015144.3
660,-0.738593240839924,NP_056016,NP_056016.1,NM_015201.5
661,-1.4498058871602,NP_056046,NP_056046.2,NM_015231.3
662,-1.4498058871602,NP_056046,NP_056046.2-2,NM_015231.3-2
663,-0.906745333098231,NP_056050,NP_056050.1,NM_015235.3
664,-1.15186774460881,NP_056140,NP_056140.1,NM_015325.3
665,-1.10329709641677,NP_056169,NP_056169.1,NM_015354.3
666,-0.873352883941384,NP_056175,NP_056175.3,NM_015360.5
667,-0.845498406794352,NP_056195,NP_056195.3,NM_015380.5
668,-0.62254169096385,NP_056212,NP_056212.1,NM_015397.4
669,-0.860296847282792,NP_056224,NP_056224.3,NM_015409.5
670,-1.33234421845968,NP_056236,NP_056236.2,NM_015421.4
671,-0.884498539511633,NP_056238,NP_056238.2,NM_015423.3
672,-0.962248716499228,NP_056240,NP_056240.2,NM_015425.6
673,0.843848393283815,NP_056246,NP_056246.3,NM_015431.4
674,-1.0539696326474,NP_056338,NP_056338.2,NM_015523.4
675,1.13898888912311,NP_056360,NP_056360.2,NM_015545.4
676,-1.16083894581014,NP_056437,NP_056437.4,NM_015622.6
677,-0.789520671093819,NP_056474,NP_056474.2,NM_015659.3
678,-0.850719607248962,NP_056508,NP_056508.2,NM_015693.4
679,-0.8044867229554,NP_056513,NP_056513.2,NM_015698.6
680,-0.736881801908893,NP_056517,NP_056517.1,NM_015702.3
681,-0.6220918305168,NP_056518,NP_056518.2,NM_015703.5
682,-0.68364775685266,NP_056541,NP_056541.2,NM_015726.4
683,-1.1360703391667,NP_056988,NP_056988.3,NM_015904.4
684,-1.08371715920838,NP_056991,NP_056991.2,NM_015907.3
685,-0.894987298472574,NP_056997,NP_056997.1,NM_015913.4
686,-0.869685604324428,NP_057016,NP_057016.1,NM_015932.6
687,-0.856982322342532,NP_057017,NP_057017.1,NM_015933.6
688,-0.944536536822128,NP_057018,NP_057018.1,NM_015934.5
689,-0.867649493025207,NP_057053,NP_057053.1,NM_015969.3
690,-1.05991810603577,NP_057055,NP_057055.2,NM_015971.4
691,-1.23512709611776,NP_057057,NP_057057.2,NM_015973.5
692,-0.931054454770175,NP_057059,NP_057059.2,NM_015975.5
693,-1.16424772725405,NP_057085,NP_057085.2,NM_016001.3
694,-0.944658635658215,NP_057108,NP_057108.2,NM_016024.4
695,-0.778642286842502,NP_057122,NP_057122.2,NM_016038.4
696,-0.989357400092187,NP_057123,NP_057123.1,NM_016039.3
697,-1.40420255184038,NP_057132,NP_057132.2,NM_016048.2
698,-0.850964223619876,NP_057143,NP_057143.1,NM_016059.5
699,-0.828127950889128,NP_057151,NP_057151.1,NM_016067.4
700,-0.697466080681525,NP_057152,NP_057152.2,NM_016068.3
701,-0.885869977898346,NP_057154,NP_057154.2,NM_016070.4
702,-0.788089654733002,NP_057178,NP_057178.2,NM_016094.4
703,-0.851447856235593,NP_057179,NP_057179.1,NM_016095.3
704,-0.707805973582315,NP_057181,NP_057181.1,NM_016097.5
705,-0.614209871680393,NP_057191,NP_057191.2,NM_016107.5
706,-0.835687664692986,NP_057223,NP_057223.1,NM_016139.4
707,-0.812554566462894,NP_057229,NP_057229.1,NM_016145.4
708,-1.28014088623627,NP_057251,NP_057251.2,NM_016167.5
709,-0.839020188183787,NP_057284,NP_057284.1,NM_016200.5
710,-1.437659750462,NP_057340,NP_057340.2,NM_016256.4
711,-0.941193051645709,NP_057359,NP_057359.2,NM_016275.5
712,-0.90206369213117,NP_057395,NP_057395.1,NM_016311.5
713,-0.90206369213117,NP_057395,NP_057395.1-2,NM_016311.5-2
714,-0.843644386157632,NP_057417,NP_057417.3,NM_016333.4
715,-0.953589067385029,NP_057444,NP_057444.2,NM_016360.4
716,-1.01670047895497,NP_057501,NP_057501.2,NM_016417.3
717,-1.11792262690302,NP_057550,NP_057550.3,NM_016466.6
718,-0.749989087067182,NP_057575,NP_057575.2,NM_016491.4
719,-0.956847773714458,NP_057581,NP_057581.2,NM_016497.4
720,-1.3940760349069,NP_057584,NP_057584.2,NM_016500.5
721,-1.17283309384624,NP_057588,NP_057588.1,NM_016504.3
722,-0.776668449070115,NP_057594,NP_057594.5,NM_016510.7
723,-0.80966000770428,NP_057604,NP_057604.1,NM_016520.3
724,-1.22735557519341,NP_057651,NP_057651.1,NM_016567.4
725,1.72591326361409,NP_057723,NP_057723.1,NM_016639.3
726,-0.82392623435977,NP_057724,NP_057724.2,NM_016640.4
727,1.88528848055151,NP_058431,NP_058431.2,NM_016823.4
728,1.88528848055151,NP_058431,NP_058431.2-2,NM_016823.4-2
729,1.68419707264394,NP_058649,NP_058649.3,NM_016953.4
730,-1.15197825911997,NP_060016,NP_060016.3,NM_017546.5
731,-0.563997191248799,NP_060083,NP_060083.1,NM_017613.4
732,-1.04200144014486,NP_060117,NP_060117.3,NM_017647.4
733,-1.02785113833035,NP_060217,NP_060217.1,NM_017747.3
734,-0.873186307372457,NP_060271,NP_060271.1,NM_017801.3
735,-0.926763381729126,NP_060277,NP_060277.1,NM_017807.4
736,-0.926763381729126,NP_060277,NP_060277.1-2,NM_017807.4-2
737,-0.663715489561457,NP_060283,NP_060283.3,NM_017813.5
738,-1.2094243142024,NP_060310,NP_060310.1,NM_017840.4
739,-1.23203380433228,NP_060311,NP_060311.1,NM_017841.4
740,-1.20783818192149,NP_060316,NP_060316.1,NM_017846.5
741,2.81150675257253,NP_060319,NP_060319.1,NM_017849.4
742,-0.95770081947557,NP_060337,NP_060337.2,NM_017867.3
743,1.3913364924096,NP_060343,NP_060343.1,NM_017873.4
744,-1.00913039394815,NP_060422,NP_060422.4,NM_017952.6
745,-1.63844488649037,NP_060426,NP_060426.2,NM_017956.4
746,-0.649361225762015,NP_060481,NP_060481.3,NM_018011.4
747,-0.938833964036511,NP_060495,NP_060495.2,NM_018025.3
748,-1.05605599977171,NP_060506,NP_060506.6,NM_018036.7
749,-0.742540842866303,NP_060516,NP_060516.2,NM_018046.5
750,-0.754289061060609,NP_060517,NP_060517.1,NM_018047.3
751,-1.26134806137216,NP_060530,NP_060530.3,NM_018060.4
752,-1.46144974254952,NP_060542,NP_060542.4,NM_018072.6
753,-0.82050027733461,NP_060547,NP_060547.2,NM_018077.3
754,-0.512379239716926,NP_060555,NP_060555.2,NM_018085.5
755,-0.741002866174089,NP_060598,NP_060598.3,NM_018128.5
756,-0.711411815965793,NP_060599,NP_060599.1,NM_018129.4
757,-1.27327529001258,NP_060600,NP_060600.2,NM_018130.3
758,-0.906252032491251,NP_060606,NP_060606.3,NM_018136.5
759,0.576202318302327,NP_060613,NP_060613.1,NM_018143.3
760,-0.7324397459523,NP_060619,NP_060619.4,NM_018149.7
761,-1.03932875446224,NP_060628,NP_060628.3,NM_018158.3
762,1.1083868978894,NP_060695,NP_060695.2,NM_018225.3
763,-0.972901468507444,NP_060700,NP_060700.2,NM_018230.3
764,-0.891184220316355,NP_060753,NP_060753.1,NM_018283.4
765,-0.917380979922019,NP_060755,NP_060755.1,NM_018285.4
766,-0.957412813462108,NP_060791,NP_060791.3,NM_018321.4
767,-1.01982960966483,NP_060809,NP_060809.3,NM_018339.6
768,-0.715866836552962,NP_060816,NP_060816.1,NM_018346.3
769,-0.738436638158695,NP_060822,NP_060822.2,NM_018352.3
770,-0.658031236829799,NP_060843,NP_060843.2,NM_018373.3
771,-1.15685515092773,NP_060855,NP_060855.2,NM_018385.3
772,-0.893734786847158,NP_060867,NP_060867.2,NM_018397.5
773,-0.706636441763977,NP_060877,NP_060877.4,NM_018407.6
774,1.80543481832137,NP_060908,NP_060908.1,NM_018438.6
775,-0.8573998377426,NP_060922,NP_060922.2,NM_018452.6
776,-0.717547588673703,NP_060932,NP_060932.2,NM_018462.5
777,-1.01596925543373,NP_060934,NP_060934.1,NM_018464.5
778,-1.0011394925787,NP_060941,NP_060941.2,NM_018471.3
779,-0.557959438814979,NP_060979,NP_060979.2,NM_018509.4
780,0.739434513197766,NP_061031,NP_061031.2,NM_018561.5
781,-0.516271604810963,NP_061063,NP_061063.2,NM_018593.5
782,-0.797595958643407,NP_061119,NP_061119.1,NM_018649.3
783,-0.651819641939752,NP_061133,NP_061133.1,NM_018663.3
784,1.34091802963116,NP_061756,NP_061756.1,NM_018933.4
785,1.34091802963116,NP_061756,NP_061756.1-2,NM_018933.4-2
786,-0.928988939513986,NP_061820,NP_061820.1,NM_018947.6
787,-1.23487666100901,NP_061824,NP_061824.3,NM_018951.4
788,-1.32182997170619,NP_061855,NP_061855.1,NM_018982.5
789,-0.980017187585661,NP_061862,NP_061862.1,NM_018989.2
790,-0.890414367178153,NP_061924,NP_061924.1,NM_019051.3
791,-0.936877965027669,NP_061944,NP_061944.2,NM_019071.3
792,-1.49534023514397,NP_061975,NP_061975.2,NM_019102.4
793,-0.567658941715587,NP_061980,NP_061980.1,NM_019107.4
794,-1.00725868511252,NP_063949,NP_063949.2,NM_019896.4
795,2.76443525068402,NP_064535,NP_064535.1,NM_020150.5
796,-0.947723590974979,NP_064571,NP_064571.1,NM_020186.3
797,-0.831748562460267,NP_064584,NP_064584.1,NM_020199.3
798,-0.949268477316897,NP_064628,NP_064628.1,NM_020243.5
799,-0.811237037891736,NP_064708,NP_064708.1,NM_020312.4
800,-0.918122946711487,NP_065101,NP_065101.1,NM_020368.3
801,-0.51875605735238,NP_065108,NP_065108.1,NM_020375.3
802,-0.788339555269081,NP_065147,NP_065147.1,NM_020414.4
803,1.72907505941746,NP_065169,NP_065169.1,NM_020436.5
804,-1.16385527878565,NP_065194,NP_065194.3,NM_020461.4
805,-0.960489149160373,NP_065726,NP_065726.1,NM_020675.4
806,0.987494026012841,NP_065765,NP_065765.1,NM_020714.3
807,-0.99662972475551,NP_065921,NP_065921.2,NM_020870.4
808,1.53692966603788,NP_066191,NP_066191.1,NM_020981.4
809,-0.681625452330445,NP_066272,NP_066272.1,NM_020992.4
810,-1.02568946050089,NP_066285,NP_066285.1,NM_021005.4
811,-0.664480597464995,NP_066565,NP_066565.1,NM_021079.5
812,-0.982523557978595,NP_066952,NP_066952.1,NM_021129.4
813,-0.87614013034479,NP_066964,NP_066964.1,NM_021141.4
814,-1.03282606002916,NP_066972,NP_066972.1,NM_021149.5
815,-0.749855940411179,NP_067015,NP_067015.2,NM_021192.3
816,-0.693977286561137,NP_068747,NP_068747.1,NM_021928.4
817,-1.65806047680176,NP_068777,NP_068777.1,NM_021958.4
818,-0.776282171368489,NP_068780,NP_068780.2,NM_021961.6
819,-0.593550212181304,NP_068839,NP_068839.1,NM_021999.5
820,-0.861133250902786,NP_071327,NP_071327.2,NM_022044.3
821,-0.654189336854065,NP_071344,NP_071344.1,NM_022061.4
822,-0.685727964297702,NP_071353,NP_071353.4,NM_022070.5
823,-1.1414820615088,NP_071383,NP_071383.1,NM_022100.3
824,-0.900068725678946,NP_071446,NP_071446.2,NM_022163.4
825,-0.772396127516194,NP_071766,NP_071766.2,NM_022371.4
826,-1.09454551323842,NP_071896,NP_071896.8,NM_022451.11
827,-0.831493563474671,NP_071941,NP_071941.1,NM_022496.5
828,-0.826389186602307,NP_071942,NP_071942.1,NM_022497.5
829,-1.09485771720578,NP_073149,NP_073149.1,NM_022658.4
830,-0.896666900542442,NP_073568,NP_073568.2,NM_022731.5
831,-1.11398092434154,NP_073613,NP_073613.2,NM_022776.5
832,-1.12076539925174,NP_073617,NP_073617.1,NM_022780.4
833,-0.880804511165303,NP_073729,NP_073729.1,NM_022818.5
834,-1.04947020756255,NP_075385,NP_075385.1,NM_023009.7
835,-0.918170295334823,NP_075565,NP_075565.2,NM_023077.3
836,-1.42805525364692,NP_076919,NP_076919.1,NM_024014.4
837,-1.4260947747951,NP_076921,NP_076921.1,NM_024016.4
838,-1.02164868174467,NP_076922,NP_076922.1,NM_024017.5
839,-0.815772905875307,NP_076955,NP_076955.1,NM_024050.6
840,-0.721802257727706,NP_076962,NP_076962.2,NM_024057.4
841,-0.930118961490736,NP_077001,NP_077001.1,NM_024096.2
842,-1.3540742223591,NP_077003,NP_077003.1,NM_024098.4
843,2.29369153109549,NP_077279,NP_077279.1,NM_024303.4
844,-0.731607598828551,NP_077295,NP_077295.1,NM_024319.4
845,-1.07213336950388,NP_077719,NP_077719.2,NM_024408.4
846,-0.942924558549018,NP_078792,NP_078792.1,NM_024516.4
847,-1.20330360679525,NP_078805,NP_078805.3,NM_024529.5
848,1.58331638275156,NP_078912,NP_078912.2,NM_024636.4
849,1.33761055458367,NP_078913,NP_078913.3,NM_024637.5
850,-0.585002755723925,NP_078916,NP_078916.3,NM_024640.4
851,1.32736051145847,NP_079074,NP_079074.2,NM_024798.3
852,-0.57482440141107,NP_079089,NP_079089.2,NM_024813.3
853,1.36283887678816,NP_079145,NP_079145.2,NM_024869.3
854,1.06400635664207,NP_079239,NP_079239.3,NM_024963.6
855,-1.04385073983441,NP_079341,NP_079341.2,NM_025065.7
856,-0.945945707582343,NP_079345,NP_079345.1,NM_025069.3
857,-1.00571159845421,NP_079472,NP_079472.1,NM_025196.4
858,-0.522303668464133,NP_079481,NP_079481.2,NM_025205.5
859,-0.964030698754163,NP_079526,NP_079526.1,NM_025250.3
860,-0.669302707604755,NP_085048,NP_085048.1,NM_030571.4
861,-0.649327884283613,NP_110382,NP_110382.3,NM_030755.5
862,-0.765788020769715,NP_110448,NP_110448.2,NM_030821.5
863,0.801676354192355,NP_112163,NP_112163.1,NM_030901.2
864,-0.864869317562284,NP_112202,NP_112202.2,NM_030940.4
865,-1.00919374434545,NP_112211,NP_112211.1,NM_030949.3
866,-0.599128274729677,NP_112243,NP_112243.1,NM_030981.3
867,-1.13704118287861,NP_112487,NP_112487.1,NM_031210.6
868,2.4870051041943,NP_112496,NP_112496.1,NM_031219.4
869,-0.928213901418549,NP_112570,NP_112570.2,NM_031280.4
870,-0.764961301844499,NP_112577,NP_112577.1,NM_031287.3
871,1.86137540117233,NP_113647,NP_113647.1,NM_031459.5
872,1.86137540117233,NP_113647,NP_113647.1-2,NM_031459.5-2
873,1.98948615697765,NP_113667,NP_113667.1,NM_031479.5
874,-1.27095795686825,NP_113673,NP_113673.3,NM_031485.4
875,-1.69576126046019,NP_114072,NP_114072.1,NM_031866.3
876,-1.29153906641956,NP_114109,NP_114109.1,NM_031903.3
877,-0.620967167761801,NP_114404,NP_114404.1,NM_032015.5
878,-0.879715363646698,NP_114409,NP_114409.2,NM_032020.5
879,-0.828705020888875,NP_115514,NP_115514.2,NM_032138.7
880,-0.96176268470469,NP_115515,NP_115515.2,NM_032139.3
881,-0.876104128747324,NP_115569,NP_115569.2,NM_032193.4
882,-0.733827257290604,NP_115663,NP_115663.2,NM_032287.3
883,-0.81413492604227,NP_115716,NP_115716.1,NM_032340.4
884,-1.14688378398516,NP_115717,NP_115717.3,NM_032341.5
885,-0.774088525921543,NP_115723,NP_115723.1,NM_032347.3
886,-0.715302132141221,NP_115729,NP_115729.1,NM_032353.4
887,-0.993100783213759,NP_115737,NP_115737.1,NM_032361.4
888,-0.763135315571106,NP_115785,NP_115785.1,NM_032409.3
889,-0.599691297884723,NP_115788,NP_115788.1,NM_032412.4
890,-0.687601980971335,NP_115811,NP_115811.2,NM_032435.3
891,2.18304962838788,NP_115829,NP_115829.1,NM_032453.2
892,-1.01351052235517,NP_115865,NP_115865.1,NM_032476.4
893,-0.598353611653598,NP_115867,NP_115867.2,NM_032478.4
894,-1.30624541547616,NP_115898,NP_115898.2,NM_032509.4
895,-1.27048954641654,NP_116045,NP_116045.2,NM_032656.4
896,-1.65387633018192,NP_116072,NP_116072.2,NM_032683.3
897,-1.76987945061567,NP_116103,NP_116103.1,NM_032714.3
898,-1.05862641049811,NP_116120,NP_116120.1,NM_032731.4
899,-1.35645955076619,NP_116161,NP_116161.2,NM_032772.6
900,-0.726074619768822,NP_116185,NP_116185.2,NM_032796.4
901,-0.872263811828538,NP_116236,NP_116236.1,NM_032847.3
902,-0.586564237215629,NP_116253,NP_116253.2,NM_032864.4
903,-0.842041867927659,NP_116270,NP_116270.1,NM_032881.3
904,-0.665993838912698,NP_116558,NP_116558.1,NM_032940.3
905,-0.704332822536491,NP_149073,NP_149073.1,NM_033082.4
906,-0.937640807916982,NP_149110,NP_149110.1,NM_033119.5
907,-0.655255719204506,NP_149123,NP_149123.3,NM_033132.5
908,-1.23790753571961,NP_150597,NP_150597.1,NM_033281.6
909,-0.759296726127223,NP_201575,NP_201575.3,NM_033318.5
910,-0.759296726127223,NP_201575,NP_201575.3-2,NM_033318.5-2
911,-0.759296726127223,NP_201575,NP_201575.3-4,NM_033318.5-4
912,-0.649131281269539,NP_219494,NP_219494.2,NM_033426.3
913,-1.25577175343912,NP_277050,NP_277050.2,NM_033515.3
914,-0.890340643851148,NP_291025,NP_291025.3,NM_033547.4
915,-1.11520439963789,NP_291028,NP_291028.3,NM_033550.4
916,-0.776780446925592,NP_443082,NP_443082.2,NM_052850.4
917,-0.880559869989917,NP_443089,NP_443089.3,NM_052857.4
918,0.97322079308405,NP_443130,NP_443130.1,NM_052898.2
919,-1.10027195248672,NP_443164,NP_443164.2,NM_052932.3
920,-0.902142969285967,NP_444273,NP_444273.1,NM_053045.2
921,-0.59148676706627,NP_444278,NP_444278.1,NM_053050.5
922,-1.22427998477267,NP_510868,NP_510868.1,NM_078468.3
923,-1.3776047860838,NP_510869,NP_510869.1,NM_078469.3
924,-0.679147573851971,NP_524147,NP_524147.2,NM_079423.4
925,-0.983292200783155,NP_542160,NP_542160.1,NM_080593.2
926,-0.70975425091965,NP_542161,NP_542161.1,NM_080594.4
927,2.26969658521889,NP_542194,NP_542194.2,NM_080627.4
928,-0.720589892333636,NP_542408,NP_542408.1,NM_080677.3
929,1.18286433570156,NP_612145,NP_612145.2,NM_138288.4
930,-0.951479435351443,NP_612206,NP_612206.5,NM_138333.5
931,-0.89061644717595,NP_612367,NP_612367.1,NM_138358.4
932,-1.03528214349269,NP_612404,NP_612404.1,NM_138395.4
933,-1.4124574615425,NP_612417,NP_612417.1,NM_138408.4
934,-0.854057068037411,NP_612435,NP_612435.1,NM_138426.4
935,-1.04069876291348,NP_612452,NP_612452.1,NM_138443.4
936,-1.36009676703988,NP_612453,NP_612453.1,NM_138444.4
937,-0.908715394548516,NP_612455,NP_612455.1,NM_138446.2
938,-0.618936290296827,NP_612456,NP_612456.1,NM_138447.3
939,-1.48176545961342,NP_613075,NP_613075.1,NM_138609.3
940,-0.819163168336548,NP_619541,NP_619541.1,NM_138635.3
941,-0.854705626750228,NP_619634,NP_619634.1,NM_138689.3
942,-0.584534450357682,NP_620175,NP_620175.1,NM_138820.4
943,-0.683325143762667,NP_624311,NP_624311.1,NM_139126.4
944,1.19570983854565,NP_640335,NP_640335.2,NM_139242.4
945,-1.2765519218952,NP_644810,NP_644810.2,NM_139281.3
946,-0.91021519568653,NP_653183,NP_653183.2,NM_144582.3
947,2.68997501233933,NP_653212,NP_653212.1,NM_144611.4
948,-0.935686469431882,NP_653324,NP_653324.1,NM_144723.3
949,-0.826493791504691,NP_658985,NP_658985.2,NM_144772.3
950,-0.826493791504691,NP_658985,NP_658985.2-2,NM_144772.3-2
951,-0.97676838263682,NP_659486,NP_659486.2,NM_145049.5
952,-0.98721592336254,NP_660150,NP_660150.1,NM_145167.3
953,-1.10867210904919,NP_660152,NP_660152.1,NM_145169.3
954,-0.836234906023786,NP_660213,NP_660213.1,NM_145212.4
955,-1.23244173735969,NP_660286,NP_660286.1,NM_145243.5
956,1.10622956777136,NP_660308,NP_660308.1,NM_145265.3
957,-0.785762945658733,NP_665805,NP_665805.2,NM_145806.4
958,-1.33275574834143,NP_666500,NP_666500.1,NM_146388.2
959,1.95257096665553,NP_683684,NP_683684.2,NM_148886.2
960,1.14340379810126,NP_683701,NP_683701.2,NM_148903.3
961,1.27803198326561,NP_689476,NP_689476.2,NM_152263.4
962,-0.804235560388852,NP_689521,NP_689521.1,NM_152308.3
963,1.76321906682426,NP_689575,NP_689575.2,NM_152362.3
964,2.46074506648773,NP_689700,NP_689700.1,NM_152487.3
965,-1.71120002817434,NP_689753,NP_689753.2,NM_152540.4
966,-1.74430212832081,NP_689850,NP_689850.2,NM_152637.3
967,0.766107135143785,NP_689893,NP_689893.1,NM_152680.3
968,-0.987892081140131,NP_689942,NP_689942.2,NM_152729.3
969,-1.45963056071655,NP_689952,NP_689952.1,NM_152739.4
970,-0.608855998458755,NP_689979,NP_689979.1,NM_152766.5
971,-0.859881455266979,NP_694964,NP_694964.3,NM_153232.4
972,-0.850165481993872,NP_714924,NP_714924.1,NM_153713.3
973,-0.902787548088796,NP_722517,NP_722517.3,NM_153810.5
974,-0.550830027601525,NP_733751,NP_733751.2,NM_170606.3
975,-0.892675850949365,NP_734467,NP_734467.1,NM_170746.4
976,-0.833464034396667,NP_775837,NP_775837.2,NM_173566.3
977,-0.896084095694498,NP_775873,NP_775873.2,NM_173602.3
978,-0.6993183647981,NP_776190,NP_776190.1,NM_173829.4
979,-0.625952245137292,NP_776251,NP_776251.2,NM_173852.4
980,-0.858580045543805,NP_777549,NP_777549.1,NM_174889.5
981,-1.05701178088815,NP_777569,NP_777569.1,NM_174909.5
982,-0.855605623753107,NP_778236,NP_778236.2,NM_175066.4
983,-0.855605623753107,NP_778236,NP_778236.2-2,NM_175066.4-2
984,-0.727086793880945,NP_780294,NP_780294.1,NM_175085.3
985,-0.709616229333657,NP_783313,NP_783313.1,NM_175614.5
986,-1.09580545692388,NP_795361,NP_795361.1,NM_176880.6
987,-0.670721181887777,NP_817092,NP_817092.1,NM_177983.3
988,1.73813502349736,NP_821066,NP_821066.1,NM_177999.3
989,-1.28399168981154,NP_848602,NP_848602.1,NM_178507.4
990,-0.893981348888733,NP_848652,NP_848652.2,NM_178557.4
991,-1.29540487858784,NP_859052,NP_859052.3,NM_181701.4
992,-0.812240769707463,NP_859067,NP_859067.2,NM_181716.3
993,0.817484145755946,NP_861441,NP_861441.2,NM_181776.3
994,0.920667555154931,NP_872312,NP_872312.2,NM_182506.3
995,-0.639814701990573,NP_874364,NP_874364.1,NM_182705.3
996,1.77583191507701,NP_899060,NP_899060.1,NM_183237.3
997,-0.914672652954693,NP_899064,NP_899064.1,NM_183241.3
998,1.51750244017839,NP_919340,NP_919340.1,NM_194359.2
999,-0.777567145458919,NP_932343,NP_932343.1,NM_198077.4
1000,-0.732442700668557,NP_940869,NP_940869.2,NM_198467.3
1001,-0.751262456271486,NP_940965,NP_940965.1,NM_198563.5
1002,-1.16524280973301,NP_945327,NP_945327.3,NM_198976.4
1003,-0.868810611560728,NP_976043,NP_976043.1,NM_203298.3
1004,-1.03260296272096,NP_982287,NP_982287.1,NM_203462.3
1005,-0.608539430407587,NP_997001,NP_997001.1,NM_207118.3
1006,-0.87025589689078,NP_997229,NP_997229.2,NM_207346.3
1007,-1.06829303498923,NP_998731,NP_998731.1,NM_213566.2
1008,1.22418964843784,NP_999876,NP_999876.2,NM_214711.4
1009,1.22418964843784,NP_999876,NP_999876.2-2,NM_214711.4-2
1010,2.76537825279379,XP_005246393,XP_005246393.1,XM_005246336.4
1011,1.65872637751173,XP_005246449,XP_005246449.1,XM_005246392.5
1012,1.40151703002347,XP_005251560,XP_005251560.1,XM_005251503.6
1013,1.12099017976298,XP_005252153,XP_005252153.1,XM_005252096.5
1014,1.74605860837999,XP_005254215,XP_005254215.2,XM_005254158.6
1015,1.83514620381504,XP_005256481,XP_005256481.1,XM_005256424.3
1016,1.39484423840461,XP_005258733,XP_005258733.1,XM_005258676.4
1017,2.24221449476525,XP_005259385,XP_005259385.1,XM_005259328.6
1018,2.07863719989748,XP_005259386,XP_005259386.1,XM_005259329.5
1019,-1.01785171459434,XP_005263977,XP_005263977.1,XM_005263920.4
1020,1.62150222713973,XP_005264464,XP_005264464.1,XM_005264407.4
1021,0.620954767693769,XP_005265713,XP_005265713.1,XM_005265656.4
1022,2.13106731693112,XP_005266501,XP_005266501.1,XM_005266444.4
1023,1.59491851358151,XP_005267375,XP_005267375.1,XM_005267318.5
1024,0.939713306764377,XP_005268522,XP_005268522.1,XM_005268465.5
1025,2.06831947143593,XP_005272986,XP_005272986.1,XM_005272929.4
1026,1.9334099509543,XP_006712390,XP_006712390.1,XM_006712327.4
1027,2.06565061945504,XP_006712882,XP_006712882.1,XM_006712819.4
1028,0.536029955510145,XP_006717091,XP_006717091.1,XM_006717028.4
1029,1.04143012594783,XP_006720617,XP_006720617.1,XM_006720554.5
1030,1.56242407660192,XP_006723077,XP_006723077.1,XM_006723014.5
1031,0.902211112988428,XP_006723466,XP_006723466.1,XM_006723403.5
1032,0.822279740203023,XP_006723896,XP_006723896.1,XM_006723833.5
1033,-1.47109170197588,XP_006724776,XP_006724776.1,XM_006724713.4
1034,1.56968739872038,XP_011507406,XP_011507406.1,XM_011509104.3
1035,1.96640475932154,XP_011508533,XP_011508533.1,XM_011510231.3
1036,1.76841555833334,XP_011509026,XP_011509026.1,XM_011510724.3
1037,1.80693247485308,XP_011509027,XP_011509027.1,XM_011510725.3
1038,2.4908127574675,XP_011509122,XP_011509122.1,XM_011510820.4
1039,0.956948721051062,XP_011509136,XP_011509136.2,XM_011510834.2
1040,1.21959218822661,XP_011509411,XP_011509411.1,XM_011511109.3
1041,-1.02858040493703,XP_011510734,XP_011510734.1,XM_011512432.3
1042,-0.733812389634315,XP_011511369,XP_011511369.1,XM_011513067.4
1043,1.49862928625724,XP_011512764,XP_011512764.1,XM_011514462.4
1044,1.99532488624709,XP_011512770,XP_011512770.1,XM_011514468.4
1045,-1.39865451076879,XP_011513272,XP_011513272.1,XM_011514970.4
1046,-1.06408060061737,XP_011514947,XP_011514947.1,XM_011516645.4
1047,1.33107167808721,XP_011515246,XP_011515246.2,XM_011516944.3
1048,2.21246026825441,XP_011515350,XP_011515350.1,XM_011517048.3
1049,2.5949389373582,XP_011515351,XP_011515351.1,XM_011517049.3
1050,-1.07820080787366,XP_011515609,XP_011515609.1,XM_011517307.4
1051,1.03731337304194,XP_011516709,XP_011516709.1,XM_011518407.2
1052,1.0245153615501,XP_011517250,XP_011517250.1,XM_011518948.3
1053,2.09925937417721,XP_011517810,XP_011517810.1,XM_011519508.2
1054,-1.64910208811145,XP_011517922,XP_011517922.1,XM_011519620.4
1055,2.07810986005304,XP_011518444,XP_011518444.2,XM_011520142.3
1056,0.911858787373952,XP_011522797,XP_011522797.1,XM_011524495.4
1057,-1.78738755500613,XP_011523029,XP_011523029.1,XM_011524727.4
1058,1.47178693179234,XP_011523264,XP_011523264.1,XM_011524962.3
1059,1.37358908711511,XP_011526658,XP_011526658.1,XM_011528356.3
1060,3.24204628796414,XP_011528453,XP_011528453.1,XM_011530151.3
1061,1.45608128065493,XP_011528510,XP_011528510.1,XM_011530208.3
1062,1.43165287347723,XP_011528511,XP_011528511.1,XM_011530209.3
1063,1.09109087564007,XP_011528688,XP_011528688.1,XM_011530386.3
1064,1.72659374914477,XP_011531912,XP_011531912.1,XM_011533610.4
1065,2.05956727106674,XP_011533444,XP_011533444.1,XM_011535142.4
1066,1.07066593567984,XP_011533665,XP_011533665.1,XM_011535363.4
1067,-0.987224920331762,XP_011533887,XP_011533887.1,XM_011535585.3
1068,1.61468256283276,XP_011534173,XP_011534173.1,XM_011535871.3
1069,1.28035523781719,XP_011534174,XP_011534174.1,XM_011535872.3
1070,1.97000555655872,XP_011535096,XP_011535096.1,XM_011536794.3
1071,1.57106153873212,XP_011535118,XP_011535118.1,XM_011536816.4
1072,2.09119276877195,XP_011539360,XP_011539360.1,XM_011541058.4
1073,1.47094271513069,XP_011539490,XP_011539490.1,XM_011541188.4
1074,5.24823501073523,XP_011542375,XP_011542375.1,XM_011544073.3
1075,3.82286035740355,XP_011542811,XP_011542811.1,XM_011544509.3
1076,1.5359330823792,XP_011543043,XP_011543043.1,XM_011544741.2
1077,0.781960524656554,XP_016856855,XP_016856855.1,XM_017001366.3
1078,-0.580523426162518,XP_016858594,XP_016858594.1,XM_017003105.3
1079,2.69412681546815,XP_016859843,XP_016859843.1,XM_017004354.3
1080,1.88054453143812,XP_016859844,XP_016859844.1,XM_017004355.3
1081,2.75407192763229,XP_016859845,XP_016859845.1,XM_017004356.3
1082,0.579751757020952,XP_016861563,XP_016861563.1,XM_017006074.3
1083,1.35403913011023,XP_016861691,XP_016861691.1,XM_017006202.3
1084,1.407540414656,XP_016863982,XP_016863982.1,XM_017008493.3
1085,1.46921360884404,XP_016864079,XP_016864079.1,XM_017008590.3
1086,1.43200830028002,XP_016864180,XP_016864180.1,XM_017008691.3
1087,0.842809894542503,XP_016864862,XP_016864862.1,XM_017009373.2
1088,1.96779440046855,XP_016864960,XP_016864960.1,XM_017009471.3
1089,-0.657932231152605,XP_016867287,XP_016867287.1,XM_017011798.3
1090,1.33677717755424,XP_016867486,XP_016867486.1,XM_017011997.2
1091,0.779459271055889,XP_016869783,XP_016869783.1,XM_017014294.2
1092,1.50464678417179,XP_016870424,XP_016870424.1,XM_017014935.2
1093,2.23911199470276,XP_016871316,XP_016871316.1,XM_017015827.3
1094,1.29057248149776,XP_016872400,XP_016872400.1,XM_017016911.3
1095,1.95786675807397,XP_016872709,XP_016872709.1,XM_017017220.2
1096,1.9893816345083,XP_016874049,XP_016874049.1,XM_017018560.3
1097,1.76974491204431,XP_016874787,XP_016874787.1,XM_017019298.2
1098,2.47688545434558,XP_016874796,XP_016874796.1,XM_017019307.2
1099,0.983074155660424,XP_016875809,XP_016875809.1,XM_017020320.3
1100,2.57242545368816,XP_016876136,XP_016876136.1,XM_017020647.2
1101,1.92030285271212,XP_016876235,XP_016876235.1,XM_017020746.3
1102,2.41792207897266,XP_016877626,XP_016877626.1,XM_017022137.2
1103,0.908504983013285,XP_016878321,XP_016878321.1,XM_017022832.3
1104,1.3051513096356,XP_016878356,XP_016878356.1,XM_017022867.2
1105,0.656296768298607,XP_016878986,XP_016878986.1,XM_017023497.3
1106,1.65592214530721,XP_016879637,XP_016879637.1,XM_017024148.2
1107,2.35083058757229,XP_016879679,XP_016879679.1,XM_017024190.2
1108,1.0316819296404,XP_016880125,XP_016880125.1,XM_017024636.3
1109,1.07199080926809,XP_016881788,XP_016881788.1,XM_017026299.3
1110,1.76943371240278,XP_016882869,XP_016882869.1,XM_017027380.2
1111,1.72673384642291,XP_016882870,XP_016882870.1,XM_017027381.2
1112,0.795524621609609,XP_016884235,XP_016884235.1,XM_017028746.3
1113,0.70989658338813,XP_016884411,XP_016884411.1,XM_017028922.3
1114,0.992572580684353,XP_016884826,XP_016884826.1,XM_017029337.2
1115,1.239125714106,XP_024302594,XP_024302594.1,XM_024446826.2
1116,1.33901152989018,XP_024304631,XP_024304631.1,XM_024448863.2
1117,4.03988197348872,XP_024304946,XP_024304946.1,XM_024449178.2
1118,1.07584077286952,XP_024305184,XP_024305184.2,XM_024449416.2
1119,4.00522488366231,XP_024308490,XP_024308490.1,XM_024452722.2
1120,2.73696639930055,XP_024308812,XP_024308812.1,XM_024453044.2
1121,2.29405011001291,XP_024308813,XP_024308813.1,XM_024453045.2
1122,2.28158618142318,XP_024309119,XP_024309119.1,XM_024453351.2
1123,1.96548275277584,XP_024309120,XP_024309120.1,XM_024453352.2
1124,1.6300673644674,XP_024309667,XP_024309667.1,XM_024453899.2
1125,1.2505803325733,XP_047271971,XP_047271971.1,XM_047416015.1
1126,1.54225695048146,XP_047272425,XP_047272425.1,XM_047416469.1
1127,-0.782554376078763,XP_047273342,XP_047273342.1,XM_047417386.1
1128,0.923979914280038,XP_047273404,XP_047273404.1,XM_047417448.1
1129,-0.76828116677785,XP_047273767,XP_047273767.1,XM_047417811.1
1130,1.36606482148312,XP_047273893,XP_047273893.1,XM_047417937.1
1131,4.42053149483269,XP_047274162,XP_047274162.1,XM_047418206.1
1132,2.5058732363562,XP_047274163,XP_047274163.1,XM_047418207.1
1133,-0.880154257895593,XP_047274264,XP_047274264.1,XM_047418308.1
1134,0.931648638253972,XP_047274566,XP_047274566.1,XM_047418610.1
1135,1.29500736602313,XP_047274648,XP_047274648.1,XM_047418692.1
1136,0.883863357866684,XP_047274670,XP_047274670.1,XM_047418714.1
1137,-0.819662783041331,XP_047275141,XP_047275141.1,XM_047419185.1
1138,-0.753264839046274,XP_047275167,XP_047275167.1,XM_047419211.1
1139,2.18903705583606,XP_047275631,XP_047275631.1,XM_047419675.1
1140,1.01238963049602,XP_047275978,XP_047275978.1,XM_047420022.1
1141,2.19093601632765,XP_047276048,XP_047276048.1,XM_047420092.1
1142,1.44871060218132,XP_047276282,XP_047276282.1,XM_047420326.1
1143,1.35504552470039,XP_047276300,XP_047276300.1,XM_047420344.1
1144,-0.855196853381238,XP_047276637,XP_047276637.1,XM_047420681.1
1145,-1.74722913580765,XP_047277007,XP_047277007.1,XM_047421051.1
1146,1.10152915673357,XP_047277119,XP_047277119.1,XM_047421163.1
1147,1.47649505454958,XP_047277153,XP_047277153.1,XM_047421197.1
1148,2.22795772191089,XP_047277363,XP_047277363.1,XM_047421407.1
1149,1.70224697100555,XP_047277545,XP_047277545.1,XM_047421589.1
1150,0.613215424509152,XP_047279196,XP_047279196.1,XM_047423240.1
1151,-1.13077059787963,XP_047279495,XP_047279495.1,XM_047423539.1
1152,0.826312737901693,XP_047279539,XP_047279539.1,XM_047423583.1
1153,1.79135502584917,XP_047280365,XP_047280365.1,XM_047424409.1
1154,-1.20621560693127,XP_047280798,XP_047280798.1,XM_047424842.1
1155,1.47181562515593,XP_047281197,XP_047281197.1,XM_047425241.1
1156,1.80199484605069,XP_047281742,XP_047281742.1,XM_047425786.1
1157,1.71826849059488,XP_047282316,XP_047282316.1,XM_047426360.1
1158,1.91575109159106,XP_047282319,XP_047282319.1,XM_047426363.1
1159,1.78458065500596,XP_047282332,XP_047282332.1,XM_047426376.1
1160,1.17728913866262,XP_047282377,XP_047282377.1,XM_047426421.1
1161,1.92412651452608,XP_047282511,XP_047282511.1,XM_047426555.1
1162,2.05406431601266,XP_047283588,XP_047283588.1,XM_047427632.1
1163,0.95511788915364,XP_047283664,XP_047283664.1,XM_047427708.1
1164,3.35611124148277,XP_047283671,XP_047283671.1,XM_047427715.1
1165,0.729286640700991,XP_047284696,XP_047284696.1,XM_047428740.1
1166,0.864410952085608,XP_047284880,XP_047284880.1,XM_047428924.1
1167,2.28461329400639,XP_047285456,XP_047285456.1,XM_047429500.1
1168,2.11475128432238,XP_047285850,XP_047285850.1,XM_047429894.1
1169,0.776556562694339,XP_047285852,XP_047285852.1,XM_047429896.1
1170,0.849954543312389,XP_047285946,XP_047285946.1,XM_047429990.1
1171,1.36568232739268,XP_047286745,XP_047286745.1,XM_047430789.1
1172,2.01677657153582,XP_047286750,XP_047286750.1,XM_047430794.1
1173,1.51907674529501,XP_047286758,XP_047286758.1,XM_047430802.1
1174,-1.15416453519919,XP_047286802,XP_047286802.1,XM_047430846.1
1175,1.63018154916475,XP_047287134,XP_047287134.1,XM_047431178.1
1176,3.26617382824376,XP_047287501,XP_047287501.1,XM_047431545.1
1177,2.42344342954971,XP_047287729,XP_047287729.1,XM_047431773.1
1178,1.82524214153849,XP_047287998,XP_047287998.1,XM_047432042.1
1179,1.89214237114174,XP_047288421,XP_047288421.1,XM_047432465.1
1180,1.03536353541265,XP_047289318,XP_047289318.1,XM_047433362.1
1181,-0.702877588244004,XP_047289582,XP_047289582.1,XM_047433626.1
1182,1.13840013145316,XP_047289610,XP_047289610.1,XM_047433654.1
1183,1.64395944838628,XP_047289641,XP_047289641.1,XM_047433685.1
1184,1.58848265496722,XP_047289643,XP_047289643.1,XM_047433687.1
1185,1.31672070203761,XP_047289644,XP_047289644.1,XM_047433688.1
1186,1.8726702867276,XP_047289773,XP_047289773.1,XM_047433817.1
1187,1.01750675346931,XP_047290316,XP_047290316.1,XM_047434360.1
1188,1.04470678840704,XP_047290530,XP_047290530.1,XM_047434574.1
1189,1.92531544821608,XP_047290558,XP_047290558.1,XM_047434602.1
1190,1.3234831270535,XP_047290559,XP_047290559.1,XM_047434603.1
1191,-1.9324370859909,XP_047290893,XP_047290893.1,XM_047434937.1
1192,2.99398616592008,XP_047290968,XP_047290968.1,XM_047435012.1
1193,2.15299414528401,XP_047291002,XP_047291002.1,XM_047435046.1
1194,1.38197805335703,XP_047291128,XP_047291128.1,XM_047435172.1
1195,1.27005406187662,XP_047291391,XP_047291391.1,XM_047435435.1
1196,1.06026150512323,XP_047291919,XP_047291919.1,XM_047435963.1
1197,-1.01130768203616,XP_047292102,XP_047292102.1,XM_047436146.1
1198,2.1165083443454,XP_047292137,XP_047292137.1,XM_047436181.1
1199,1.89357278297941,XP_047292140,XP_047292140.1,XM_047436184.1
1200,1.6282824364797,XP_047292153,XP_047292153.1,XM_047436197.1
1201,0.67676242252031,XP_047292691,XP_047292691.1,XM_047436735.1
1202,1.70752001804365,XP_047293072,XP_047293072.1,XM_047437116.1
1203,0.985024012199929,XP_047293210,XP_047293210.1,XM_047437254.1
1204,2.92241512586835,XP_047293220,XP_047293220.1,XM_047437264.1
1205,-0.903626069804572,XP_047293567,XP_047293567.1,XM_047437611.1
1206,1.34482062244757,XP_047294119,XP_047294119.1,XM_047438163.1
1207,1.65369620182964,XP_047294125,XP_047294125.1,XM_047438169.1
1208,1.4946681576391,XP_047294852,XP_047294852.1,XM_047438896.1
1209,1.80975717298082,XP_047295027,XP_047295027.1,XM_047439071.1
1210,2.66999287349208,XP_047295028,XP_047295028.1,XM_047439072.1
1211,2.25809741731167,XP_047295030,XP_047295030.1,XM_047439074.1
1212,2.37457112495978,XP_047295031,XP_047295031.1,XM_047439075.1
1213,2.8898119155542,XP_047295033,XP_047295033.1,XM_047439077.1
1214,1.52720981339681,XP_047295417,XP_047295417.1,XM_047439461.1
1215,1.32930218168175,XP_047295707,XP_047295707.1,XM_047439751.1
1216,2.22810123171161,XP_047296274,XP_047296274.1,XM_047440318.1
1217,-0.76768602094759,XP_047297470,XP_047297470.1,XM_047441514.1
1218,-1.1784728396469,XP_047297813,XP_047297813.1,XM_047441857.1
1219,2.11039129302837,XP_047298140,XP_047298140.1,XM_047442184.1
1220,2.06886123683197,XP_047298205,XP_047298205.1,XM_047442249.1
1221,1.92109497153298,XP_047298920,XP_047298920.1,XM_047442964.1
1222,-0.765367336380047,XP_047299272,XP_047299272.1,XM_047443316.1
1223,1.91818692358032,XP_047299686,XP_047299686.1,XM_047443730.1
1224,2.75296985770024,XP_047300551,XP_047300551.1,XM_047444595.1
1225,0.638725482963646,XP_047301154,XP_047301154.1,XM_047445198.1
1226,1.51471722829257,XP_047301922,XP_047301922.1,XM_047445966.1
1227,1.87077256566576,XP_047301927,XP_047301927.1,XM_047445971.1
1228,1.80393083025858,XP_047301976,XP_047301976.1,XM_047446020.1
1229,0.693181783233102,XP_047302115,XP_047302115.1,XM_047446159.1
1230,2.32434637596658,XP_047302116,XP_047302116.1,XM_047446160.1
1231,0.868730055616367,XP_047303249,XP_047303249.1,XM_047447293.1
1232,-0.990865790372812,XP_047303406,XP_047303406.1,XM_047447450.1
1233,2.28371428773216,XP_047303421,XP_047303421.1,XM_047447465.1
1234,0.86452364508624,XP_047303855,XP_047303855.1,XM_047447899.1
1235,1.26187494133724,XP_047303984,XP_047303984.1,XM_047448028.1
1236,0.77446758259752,XP_047304789,XP_047304789.1,XM_047448833.1
1237,1.15117326254476,XP_047304894,XP_047304894.1,XM_047448938.1
1238,-0.559324518426281,XP_047305149,XP_047305149.1,XM_047449193.1
1239,1.22800258651864,XP_047305381,XP_047305381.1,XM_047449425.1
1240,3.00067742024425,XP_047305484,XP_047305484.1,XM_047449528.1
1241,1.35313025677548,XP_054185553,XP_054185553.1,XM_054329578.1
1242,-0.857706255144186,XP_054185557,XP_054185557.1,XM_054329582.1
1243,-0.922868338689712,XP_054186320,XP_054186320.1,XM_054330345.1
1244,-1.2439157623121,XP_054186836,XP_054186836.1,XM_054330861.1
1245,-0.51574844703952,XP_054187987,XP_054187987.1,XM_054332012.1
1246,-1.13888193647634,XP_054188148,XP_054188148.1,XM_054332173.1
1247,-0.670976467522315,XP_054188449,XP_054188449.1,XM_054332474.1
1248,1.29816944173616,XP_054188984,XP_054188984.1,XM_054333009.1
1249,-0.918072850325577,XP_054189276,XP_054189276.1,XM_054333301.1
