,lfc_NFlag,REFSEQ_new,REFSEQ,ISO,SYMBOL
1,-1.121093786,NP_000091,NP_000091.1,NM_000100.4,CSTB
2,-1.267989387,NP_000095,NP_000095.2,NM_000104.4,CYP1B1
3,-1.141974027,NP_000134,NP_000134.2,NM_000143.4,FH
4,-1.528270374,NP_000150,NP_000150.1,NM_000159.4,GCDH
5,-1.521085364,NP_000156,NP_000156.1,NM_000165.5,GJA1
6,-0.689536727,NP_000161,NP_000161.2,NM_000170.3,GLDC
7,-0.79983769,NP_000185,NP_000185.1,NM_000194.3,HPRT1
8,-0.712194907,NP_000285,NP_000285.1,NM_000294.3,PHKG2
9,-0.839020793,NP_000308,NP_000308.1,NM_000317.3,PTS
10,-1.257784346,NP_000364,NP_000364.1,NM_000373.4,UMPS
11,2.865578697,NP_000367,NP_000367.1,NM_000376.3,VDR
12,-0.841955477,NP_000377,NP_000377.1,NM_000386.4,BLMH
13,-1.211527755,NP_000513,NP_000513.2,NM_000522.5,HOXA13
14,1.449764413,NP_000516,NP_000516.3,NM_000525.4,KCNJ11
15,1.029880114,NP_000545,NP_000545.1,NM_000554.6,CRX
16,-1.146856873,NP_000662,NP_000662.3,NM_000671.4,ADH5
17,-0.76713442,NP_000840,NP_000840.2,NM_000849.5,GSTM3
18,-0.670913863,NP_000843,NP_000843.1,NM_000852.4,GSTP1
19,-0.648512828,NP_000867,NP_000867.3,NM_000876.4,IGF2R
20,0.584231003,NP_000902,NP_000902.3,NM_000911.4,OPRD1
21,-0.570208002,NP_000928,NP_000928.1,NM_000937.5,POLR2A
22,-1.172690562,NP_000934,NP_000934.1,NM_000943.5,PPIC
23,-0.737714929,NP_000992,NP_000992.1,NM_001001.5,RPL36AL
24,-1.149978009,NP_001001790,NP_001001790.1,NM_001001790.3,TOMM5
25,-0.987442197,NP_001002926,NP_001002926.1,NM_001002926.2,POLR1F
26,-0.999800527,NP_001003684,NP_001003684.1,NM_001003684.2,UQCR10
27,-0.684605595,NP_001004333,NP_001004333.3,NM_001004333.5,RNASEK
28,0.957531293,NP_001004456,NP_001004456.1,NM_001004456.2,OR1M1
29,0.619027084,NP_001004466,NP_001004466.1,NM_001004466.2,OR10H5
30,1.934500179,NP_001004490,NP_001004490.1,NM_001004490.2,OR2AG2
31,1.022508583,NP_001004492,NP_001004492.1,NM_001004492.2,OR2B11
32,-0.964749198,NP_001004689,NP_001004689.1,NM_001004689.2,OR2M3
33,1.101467307,NP_001005465,NP_001005465.1,NM_001005465.2,OR10G3
34,2.141010576,NP_001005493,NP_001005493.1,NM_001005493.2,OR6C6
35,-1.090700897,NP_001007539,NP_001007539.1,NM_001007538.2,SHISA2
36,-0.703497236,NP_001010858,NP_001010858.2,NM_001010858.3,RNF187
37,-0.703497236,NP_001010858,NP_001010858.2-2,NM_001010858.3-2,
38,-1.115304921,NP_001010866,NP_001010866.1,NM_001010866.4,TMEM201
39,1.755843072,NP_001010891,NP_001010891.4,NM_001010891.5,MTX3
40,-1.077163334,NP_001013685,NP_001013685.1,NM_001013663.2,PTRHD1
41,4.06556135,NP_001014305,NP_001014305.1,NM_001014283.2,DCUN1D2
42,-1.280135002,NP_001017,NP_001017.1,NM_001026.5,RPS24
43,4.793526178,NP_001017535,NP_001017535.1,NM_001017535.2,VDR
44,2.161344041,NP_001017536,NP_001017536.1,NM_001017536.2,VDR
45,-0.645774979,NP_001019,NP_001019.1,NM_001028.3,RPS25
46,-0.645774979,NP_001019,NP_001019.1-2,NM_001028.3-2,
47,-0.828953414,NP_001020,NP_001020.2,NM_001029.5,RPS26
48,-1.211115333,NP_001020262,NP_001020262.1,NM_001025091.2,ABCF1
49,-1.211115333,NP_001020262,NP_001020262.1-2,NM_001025091.2-2,
50,-1.211115333,NP_001020262,NP_001020262.1-4,NM_001025091.2-4,
51,-1.211115333,NP_001020262,NP_001020262.1-6,NM_001025091.2-6,
52,-1.211115333,NP_001020262,NP_001020262.1-7,NM_001025091.2-7,
53,-0.797889327,NP_001020418,NP_001020418.1,NM_001025247.2,TAF5L
54,-0.987151227,NP_001025189,NP_001025189.1,NM_001030018.2,APRT
55,0.94215375,NP_001025231,NP_001025231.1,NM_001030060.3,SAMD5
56,1.78549496,NP_001026916,NP_001026916.2,NM_001031746.5,VSTM4
57,-1.258066878,NP_001026974,NP_001026974.1,NM_001031804.3,MAF
58,1.210236384,NP_001034933,NP_001034933.1,NM_001039844.3,ACBD7
59,-0.998049877,NP_001035521,NP_001035521.1,NM_001040431.3,COA3
60,-0.673149084,NP_001035830,NP_001035830.1,NM_001042371.3,PGP
61,-0.663000043,NP_001036068,NP_001036068.1,NM_001042603.3,KDM5A
62,-1.159641592,NP_001041714,NP_001041714.1,NM_001048249.4,SMIM15
63,-0.594837708,NP_001061,NP_001061.2,NM_001070.5,TUBG1
64,-0.681298099,NP_001065243,NP_001065243.1,NM_001071775.3,MZT1
65,1.965990988,NP_001070664,NP_001070664.1,NM_001077196.2,PDE11A
66,2.532164007,NP_001070665,NP_001070665.1,NM_001077197.2,PDE11A
67,2.194149615,NP_001070826,NP_001070826.1,NM_001077358.2,PDE11A
68,-0.896717648,NP_001070867,NP_001070867.1,NM_001077399.3,PNKD
69,-0.885853115,NP_001071639,NP_001071639.1,NM_001078171.2,RTL8C
70,-0.950141506,NP_001071641,NP_001071641.1,NM_001078173.2,RTL8B
71,1.931905243,NP_001073583,NP_001073583.1,NM_001080114.2,LDB3
72,-0.78373203,NP_001073970,NP_001073970.1,NM_001080501.3,TMEM223
73,1.331256126,NP_001078869,NP_001078869.1,NM_001085400.2,RELL1
74,-0.716440506,NP_001087194,NP_001087194.1,NM_001093725.2,MEX3A
75,-0.870766625,NP_001092,NP_001092.1,NM_001101.5,ACTB
76,1.315494267,NP_001092314,NP_001092314.1,NM_001098844.3,TMEM236
77,-0.863165856,NP_001093163,NP_001093163.1,NM_001099693.2,RPL31
78,-0.668428961,NP_001094299,NP_001094299.1,NM_001100829.3,TMEM170B
79,0.97901494,NP_001096624,NP_001096624.1,NM_001103154.2,ARL17B
80,-0.545499643,NP_001099043,NP_001099043.1,NM_001105573.2,FBXO45
81,1.863602315,NP_001107605,NP_001107605.1,NM_001114133.3,SYNPO2L
82,-0.790829741,NP_001107875,NP_001107875.1,NM_001114403.3,UPK3BL1
83,2.071548904,NP_001108624,NP_001108624.1,NM_001115152.2,CD300LD
84,-0.777926732,NP_001118239,NP_001118239.1,NM_001124767.2,SMIM4
85,2.222993465,NP_001122402,NP_001122402.1,NM_001128930.3,ENTPD4
86,0.806503804,NP_001123544,NP_001123544.1,NM_001130072.2,EPN1
87,-0.808046092,NP_001124401,NP_001124401.1,NM_001130929.2,STMP1
88,1.600161341,NP_001127704,NP_001127704.1,NM_001134232.2,TMEM106B
89,1.989151792,NP_001127872,NP_001127872.1,NM_001134400.2,CYB561D1
90,2.005179856,NP_001127875,NP_001127875.1,NM_001134403.2,CYB561D1
91,1.053790401,NP_001128131,NP_001128131.1,NM_001134659.1,PRR23A
92,-0.678211847,NP_001129047,NP_001129047.1,NM_001135575.2,SMIM13
93,-0.87026574,NP_001129734,NP_001129734.1,NM_001136262.2,ATXN7L3B
94,-0.659478709,NP_001135858,NP_001135858.1,NM_001142386.3,PDK3
95,2.571398368,NP_001136120,NP_001136120.1,NM_001142648.2,SAR1A
96,-1.194917441,NP_001138722,NP_001138722.1,NM_001145250.2,SP9
97,-0.983406477,NP_001138922,NP_001138922.2,NM_001145450.3,MORN2
98,2.318368846,NP_001139423,NP_001139423.1,NM_001145951.2,TIMM8A
99,-0.771746195,NP_001142,NP_001142.2,NM_001151.4,SLC25A4
100,-0.813278116,NP_001143,NP_001143.2,NM_001152.5,SLC25A5
101,-0.623611594,NP_001145,NP_001145.1,NM_001154.4,ANXA5
102,1.565458081,NP_001153480,NP_001153480.1,NM_001160008.2,NRG1
103,-0.910711308,NP_001156896,NP_001156896.1,NM_001163424.2,COPS9
104,-1.124309211,NP_001156910,NP_001156910.1,NM_001163438.2,SMIM10
105,1.488345197,NP_001157918,NP_001157918.1,NM_001164446.3,C6orf132
106,-0.68186336,NP_001158275,NP_001158275.1,NM_001164803.2,RBMX
107,1.62755904,NP_001159354,NP_001159354.1,NM_001165882.3,ZNF268
108,1.556530391,NP_001164164,NP_001164164.1,NM_001170693.2,CAGE1
109,1.544261166,NP_001166284,NP_001166284.1,NM_001172813.2,SLC30A8
110,-1.317479537,NP_001167460,NP_001167460.1,NM_001173989.4,RABL6
111,1.508617918,NP_001171476,NP_001171476.1,NM_001178005.2,BHMT2
112,1.860918559,NP_001171600,NP_001171600.1,NM_001178129.2,SEMA3E
113,-0.799601598,NP_001171821,NP_001171821.1,NM_001184892.2,FLAD1
114,0.744769366,NP_001177962,NP_001177962.1,NM_001191033.2,GAREM2
115,2.971569304,NP_001180233,NP_001180233.1,NM_001193304.3,TMEM127
116,-1.198470198,NP_001182356,NP_001182356.1,NM_001195427.2,SRSF2
117,2.523075541,NP_001182728,NP_001182728.1,NM_001195799.2,LDLR
118,2.048530963,NP_001182732,NP_001182732.1,NM_001195803.2,LDLR
119,1.191610553,NP_001185808,NP_001185808.1,NM_001198879.2,ATP5MF-PTCD1
120,2.383336579,NP_001186608,NP_001186608.1,NM_001199679.2,TLCD4
121,-1.430896906,NP_001186829,NP_001186829.1,NM_001199900.2,PDK2
122,1.162409945,NP_001189163,NP_001189163.1,NM_001202234.2,NR4A1
123,1.858470622,NP_001189332,NP_001189332.1,NM_001202403.2,ASB6
124,0.638840733,NP_001191128,NP_001191128.1,NM_001204199.2,SRP19
125,-1.34907821,NP_001193570,NP_001193570.2,NM_001206641.3,COA6
126,-1.264470674,NP_001193668,NP_001193668.1,NM_001206739.2,ITGB3BP
127,1.892414533,NP_001193900,NP_001193900.1,NM_001206971.3,PTPRB
128,-0.878843839,NP_001197,NP_001197.1,NM_001206.4,KLF9
129,-1.081040208,NP_001203,NP_001203.1,NM_001212.4,C1QBP
130,-0.698610643,NP_001228,NP_001228.2,NM_001237.5,CCNA2
131,2.407324482,NP_001238935,NP_001238935.1,NM_001252006.1,PAPOLA
132,0.618882407,NP_001244089,NP_001244089.1,NM_001257160.2,CEP41
133,-0.883058453,NP_001244119,NP_001244119.1,NM_001257190.3,POM121
134,-1.194817285,NP_001244299,NP_001244299.1,NM_001257370.2,EME2
135,2.066409877,NP_001244954,NP_001244954.1,NM_001258025.2,TRIM60
136,1.325047674,NP_001245240,NP_001245240.1,NM_001258311.2,PGBD5
137,-0.61538047,NP_001246,NP_001246.2,NM_001255.3,CDC20
138,2.618168966,NP_001255213,NP_001255213.1,NM_001268284.3,LRRC8E
139,3.263350236,NP_001257322,NP_001257322.1,NM_001270393.2,PKIB
140,2.111405071,NP_001257335,NP_001257335.1,NM_001270406.2,APOBEC3A
141,1.559518311,NP_001258766,NP_001258766.1,NM_001271837.2,RCN2
142,3.070419531,NP_001258781,NP_001258781.1,NM_001271852.3,CEP57L1
143,-0.867303472,NP_001268226,NP_001268226.1,NM_001281297.2,EDF1
144,2.418462286,NP_001268361,NP_001268361.1,NM_001281432.2,ZNHIT3
145,2.418462286,NP_001268361,NP_001268361.1-2,NM_001281432.2-2,
146,2.595700655,NP_001269267,NP_001269267.1,NM_001282338.2,PLS3
147,-1.172410116,NP_001269603,NP_001269603.1,NM_001282674.1,BEX3
148,-2.490911414,NP_001271296,NP_001271296.1,NM_001284367.2,NDUFB8
149,1.614595806,NP_001271430,NP_001271430.1,NM_001284501.2,NUBP2
150,1.066760595,NP_001273494,NP_001273494.1,NM_001286565.1,KIAA0513
151,-2.200448775,NP_001275511,NP_001275511.1,NM_001288582.2,TTC14
152,1.434444055,NP_001275655,NP_001275655.1,NM_001288726.2,ELP4
153,1.0871332,NP_001277935,NP_001277935.1,NM_001291006.2,LRRC74B
154,1.234251361,NP_001278405,NP_001278405.1,NM_001291476.2,DDX52
155,1.234251361,NP_001278405,NP_001278405.1-2,NM_001291476.2-2,
156,0.830114222,NP_001278425,NP_001278425.1,NM_001291496.2,ZBTB8A
157,-1.24909181,NP_001287887,NP_001287887.1,NM_001300958.2,BSDC1
158,-1.718318368,NP_001287921,NP_001287921.1,NM_001300992.2,EIF3K
159,-1.384287305,NP_001289201,NP_001289201.1,NM_001302272.2,PRDX3
160,-0.911965896,NP_001300822,NP_001300822.1,NM_001313893.1,HMGB1
161,1.122642095,NP_001303848,NP_001303848.1,NM_001316919.1,TVP23B
162,2.143049586,NP_001303881,NP_001303881.1,NM_001316952.2,GPALPP1
163,2.910779741,NP_001304125,NP_001304125.1,NM_001317196.2,CDH3
164,2.105348394,NP_001304960,NP_001304960.1,NM_001318031.2,SALL4
165,1.202622879,NP_001305437,NP_001305437.1,NM_001318508.2,FCF1
166,1.394446169,NP_001305735,NP_001305735.1,NM_001318806.2,TBC1D7
167,-1.053877401,NP_001305746,NP_001305746.1,NM_001318817.2,MRPL18
168,1.234433456,NP_001307186,NP_001307186.1,NM_001320257.2,GBP6
169,-1.425605735,NP_001308701,NP_001308701.1,NM_001321772.2,RSRP1
170,2.392307925,NP_001308792,NP_001308792.1,NM_001321863.2,RTN4
171,1.264580795,NP_001308846,NP_001308846.1,NM_001321917.2,ZFP82
172,1.594752365,NP_001309136,NP_001309136.1,NM_001322207.2,NRG1
173,1.091912293,NP_001309201,NP_001309201.1,NM_001322272.2,CPSF2
174,1.419132562,NP_001309956,NP_001309956.1,NM_001323027.2,IQCG
175,2.252950643,NP_001310222,NP_001310222.1,NM_001323293.2,ZNF197
176,2.252950643,NP_001310222,NP_001310222.1-2,NM_001323293.2-2,
177,2.191997478,NP_001310224,NP_001310224.1,NM_001323295.2,ZNF197
178,2.191997478,NP_001310224,NP_001310224.1-2,NM_001323295.2-2,
179,2.936857445,NP_001310225,NP_001310225.1,NM_001323296.2,ZNF197
180,2.936857445,NP_001310225,NP_001310225.1-2,NM_001323296.2-2,
181,-1.147673022,NP_001333445,NP_001333445.1,NM_001346516.2,LCOR
182,0.632733322,NP_001334849,NP_001334849.2,NM_001347920.2,SNX19
183,-0.70036407,NP_001335,NP_001335.1,NM_001344.4,DAD1
184,2.430812875,NP_001335282,NP_001335282.1,NM_001348353.1,GTF2E2
185,1.306069425,NP_001336782,NP_001336782.1,NM_001349853.2,ANKRD54
186,-1.402820102,NP_001337091,NP_001337091.1,NM_001350162.2,TEX15
187,1.834862705,NP_001337142,NP_001337142.1,NM_001350213.2,TMSB15B
188,1.611737043,NP_001337165,NP_001337165.1,NM_001350236.2,DCPS
189,2.359263069,NP_001338661,NP_001338661.1,NM_001351732.2,ZNF660-ZNF197
190,2.359263069,NP_001338661,NP_001338661.1-2,NM_001351732.2-2,
191,2.623972476,NP_001338662,NP_001338662.1,NM_001351733.2,ZNF660-ZNF197
192,2.623972476,NP_001338662,NP_001338662.1-2,NM_001351733.2-2,
193,-2.317502491,NP_001340024,NP_001340024.1,NM_001353095.2,PCID2
194,2.298999549,NP_001340849,NP_001340849.1,NM_001353920.2,KIAA1328
195,1.178212168,NP_001341531,NP_001341531.2,NM_001354602.2,TMEM269
196,-1.06589479,NP_001341969,NP_001341969.1,NM_001355040.2,HDAC3
197,2.942048193,NP_001345335,NP_001345335.1,NM_001358406.2,CCDC163
198,1.834455341,NP_001345336,NP_001345336.1,NM_001358407.2,CCDC163
199,2.588685674,NP_001345628,NP_001345628.1,NM_001358699.2,RNF227
200,-1.077205998,NP_001348,NP_001348.2,NM_001357.5,DHX9
201,-1.203832734,NP_001349,NP_001349.2,NM_001358.3,DHX15
202,2.541215157,NP_001349665,NP_001349665.1,NM_001362736.2,WDR91
203,1.906466566,NP_001349666,NP_001349666.1,NM_001362737.2,WDR91
204,1.885955058,NP_001349667,NP_001349667.1,NM_001362738.2,WDR91
205,2.452881304,NP_001349714,NP_001349714.1,NM_001362785.2,AIMP2
206,-0.842136445,NP_001350435,NP_001350435.1,NM_001363506.2,UPK3BL2
207,2.050781083,NP_001350659,NP_001350659.1,NM_001363730.2,DAPK2
208,2.083177955,NP_001350747,NP_001350747.1,NM_001363818.2,MTX3
209,3.002165426,NP_001351014,NP_001351014.1,NM_001364085.2,VDR
210,1.857411155,NP_001351407,NP_001351407.1,NM_001364478.1,CWC27
211,1.080635901,NP_001351611,NP_001351611.1,NM_001364682.1,TPM3
212,1.51541504,NP_001351612,NP_001351612.1,NM_001364683.1,TPM3
213,1.064507406,NP_001354709,NP_001354709.1,NM_001367780.1,FBXL18
214,1.878319574,NP_001354993,NP_001354993.1,NM_001368064.1,LDB3
215,1.941986904,NP_001355053,NP_001355053.1,NM_001368124.1,ZSCAN12
216,-1.276462725,NP_001355167,NP_001355167.1,NM_001368238.1,LOC102724159
217,-0.912088189,NP_001358279,NP_001358279.1,NM_001371350.1,YDJC
218,2.248471661,NP_001358425,NP_001358425.1,NM_001371496.1,LIMS1
219,2.71482138,NP_001361590,NP_001361590.1,NM_001374661.1,VDR
220,2.233041119,NP_001361591,NP_001361591.1,NM_001374662.1,VDR
221,0.907407599,NP_001362564,NP_001362564.1,NM_001375635.1,CDC42SE2
222,-0.966308182,NP_001369294,NP_001369294.1,NM_001382365.1,DYNLRB1
223,1.624014774,NP_001372982,NP_001372982.1,NM_001386053.1,OR2AG2
224,1.457528524,NP_001373024,NP_001373024.1,NM_001386095.1,OR4D1
225,1.357975916,NP_001373602,NP_001373602.1,NM_001386673.1,UVRAG
226,1.918379764,NP_001373740,NP_001373740.1,NM_001386811.1,FAM240B
227,1.50964441,NP_001375031,NP_001375031.1,NM_001388102.1,TENT2
228,0.98530358,NP_001375238,NP_001375238.1,NM_001388309.1,IRGQ
229,2.850877098,NP_001375327,NP_001375327.1,NM_001388398.1,PIK3R5
230,2.047216273,NP_001381616,NP_001381616.1,NM_001394687.1,DNAJC14
231,2.388025762,NP_001381827,NP_001381827.1,NM_001394898.1,LIMS1
232,1.832566623,NP_001383337,NP_001383337.1,NM_001396408.1,
233,0.810218334,NP_001384301,NP_001384301.1,NM_001397372.1,
234,-0.840247345,NP_001384335,NP_001384335.1,NM_001397406.1,
235,1.826817674,NP_001387492,NP_001387492.1,NM_001400563.1,
236,-0.563726865,NP_001393,NP_001393.1,NM_001402.6,EEF1A1
237,1.210788814,NP_001393761,NP_001393761.1,NM_001406832.1,
238,2.886246406,NP_001394211,NP_001394211.1,NM_001407282.1,
239,2.852496458,NP_001394212,NP_001394212.1,NM_001407283.1,
240,2.758750334,NP_001399131,NP_001399131.1,NM_001412202.1,
241,1.221669491,NP_001400703,NP_001400703.1,NM_001413774.1,
242,-2.595512038,NP_001401327,NP_001401327.1,NM_001414398.1,
243,-1.110735338,NP_001403,NP_001403.1,NM_001412.4,EIF1AX
244,-0.771623867,NP_001404819,NP_001404819.1,NM_001417890.1,
245,-1.230429834,NP_001405,NP_001405.1,NM_001414.4,EIF2B1
246,-0.538958801,NP_001406,NP_001406.1,NM_001415.4,EIF2S3
247,-0.966562178,NP_001418,NP_001418.2,NM_001427.4,EN2
248,1.251292178,NP_001428,NP_001428.1,NM_001437.3,ESR2
249,-0.733385805,NP_001478,NP_001478.2,NM_001487.4,BLOC1S1
250,2.089435202,NP_001493,NP_001493.2,NM_001502.4,GP2
251,0.8665864,NP_001518,NP_001518.3,NM_001527.4,HDAC2
252,-0.612177391,NP_001528,NP_001528.1,NM_001537.4,HSBP1
253,-0.783686118,NP_001537,NP_001537.1,NM_001546.4,ID4
254,-0.713125202,NP_001559,NP_001559.1,NM_001568.3,EIF3E
255,-1.194921172,NP_001609,NP_001609.2,NM_001618.4,PARP1
256,-0.660676212,NP_001653,NP_001653.1,NM_001662.4,ARF5
257,-0.734570123,NP_001654,NP_001654.1,NM_001663.4,ARF6
258,-0.802987387,NP_001670,NP_001670.1,NM_001679.4,ATP1B3
259,-0.749212276,NP_001677,NP_001677.2,NM_001686.4,ATP5F1B
260,-1.086255694,NP_001679,NP_001679.2,NM_001688.5,ATP5PB
261,-0.814383902,NP_001686,NP_001686.1,NM_001695.5,ATP6V1C1
262,-0.793333127,NP_001688,NP_001688.1,NM_001697.3,ATP5PO
263,-0.564996029,NP_001713,NP_001713.2,NM_001722.3,POLR3D
264,-1.128860962,NP_001743,NP_001743.1,NM_001752.4,CAT
265,1.80557418,NP_001784,NP_001784.2,NM_001793.6,CDH3
266,-1.084835118,NP_001805,NP_001805.4,NM_001814.6,CTSC
267,-0.893656317,NP_001818,NP_001818.1,NM_001827.3,CKS2
268,-1.056393359,NP_001836,NP_001836.3,NM_001845.6,COL4A1
269,-0.971193817,NP_001837,NP_001837.2,NM_001846.4,COL4A2
270,-0.958886889,NP_001854,NP_001854.1,NM_001863.5,COX6B1
271,-0.723453198,NP_001857,NP_001857.1,NM_001866.3,COX7B
272,-0.689582621,NP_001858,NP_001858.1,NM_001867.3,COX7C
273,-0.856284828,NP_001864,NP_001864.1,NM_001873.4,CPE
274,1.559369579,NP_001867,NP_001867.2,NM_001876.4,CPT1A
275,-0.688177741,NP_001900,NP_001900.1,NM_001909.5,CTSD
276,-0.822248497,NP_001907,NP_001907.3,NM_001916.5,CYC1
277,-1.106972838,NP_001914,NP_001914.3,NM_001923.5,DDB1
278,-0.533935338,NP_001929,NP_001929.1,NM_001938.3,DR1
279,1.507427293,NP_001955,NP_001955.1,NM_001964.3,EGR1
280,1.309349998,NP_001966,NP_001966.1,NM_001975.3,ENO2
281,-2.002886034,NP_002039,NP_002039.2,NM_002048.3,GAS1
282,1.131192388,NP_002056,NP_002056.2,NM_002065.7,GLUL
283,-0.75938915,NP_002067,NP_002067.1,NM_002076.4,GNS
284,-1.040429817,NP_002078,NP_002078.1,NM_002087.4,GRN
285,-1.125960286,NP_002088,NP_002088.2,NM_002097.3,GTF3A
286,-0.678368567,NP_002097,NP_002097.1,NM_002106.4,H2AZ1
287,-0.628858873,NP_002107,NP_002107.3,NM_002116.8,HLA-A
288,-0.628858873,NP_002107,NP_002107.3-3,NM_002116.8-3,
289,-0.628858873,NP_002107,NP_002107.3-4,NM_002116.8-4,
290,-0.795616164,NP_002130,NP_002130.2,NM_002139.4,RBMX
291,-1.410508276,NP_002138,NP_002138.1,NM_002147.4,HOXB5
292,-0.877904756,NP_002139,NP_002139.2,NM_002148.4,HOXD10
293,-1.072898232,NP_002145,NP_002145.3,NM_002154.4,HSPA4
294,-1.542328929,NP_002148,NP_002148.1,NM_002157.3,HSPE1
295,-0.752417317,NP_002284,NP_002284.3,NM_002293.4,LAMC1
296,-1.218237982,NP_002285,NP_002285.1,NM_002294.3,LAMP2
297,-0.670123867,NP_002347,NP_002347.5,NM_002356.7,MARCKS
298,-0.711656955,NP_002349,NP_002349.1,NM_002358.4,MAD2L1
299,-1.210373266,NP_002361,NP_002361.1,NM_002370.4,MAGOH
300,-0.915241275,NP_002386,NP_002386.1,NM_002395.6,ME1
301,-0.730451588,NP_002430,NP_002430.3,NM_002439.5,MSH3
302,-1.024958984,NP_002439,NP_002439.2,NM_002448.3,MSX1
303,-0.687756367,NP_002464,NP_002464.1,NM_002473.6,MYH9
304,-0.791075601,NP_002480,NP_002480.1,NM_002489.4,NDUFA4
305,-0.716338781,NP_002481,NP_002481.3,NM_002490.6,NDUFA6
306,-0.716338781,NP_002481,NP_002481.3-2,NM_002490.6-2,
307,-0.716338781,NP_002481,NP_002481.3-3,NM_002490.6-3,
308,-0.716338781,NP_002481,NP_002481.3-5,NM_002490.6-5,
309,-1.089984026,NP_002484,NP_002484.1,NM_002493.5,NDUFB6
310,-0.683471117,NP_002487,NP_002487.1,NM_002496.4,NDUFS8
311,-1.139217872,NP_002499,NP_002499.2,NM_002508.3,NID1
312,-0.580179722,NP_002513,NP_002513.2,NM_002522.4,NPTX1
313,-1.319275383,NP_002554,NP_002554.1,NM_002563.5,P2RY1
314,-0.724696763,NP_002559,NP_002559.2,NM_002568.4,PABPC1
315,-2.230238112,NP_002580,NP_002580.2,NM_002589.4,PCDH7
316,-0.758173929,NP_002613,NP_002613.2,NM_002622.5,PFDN1
317,-1.032557321,NP_002678,NP_002678.3,NM_002687.4,PNN
318,-0.690272271,NP_002687,NP_002687.1,NM_002696.3,POLR2G
319,-1.071735228,NP_002694,NP_002694.3,NM_002703.5,PPAT
320,-1.248483568,NP_002727,NP_002727.2,NM_002736.3,PRKAR2B
321,-1.248483568,NP_002727,NP_002727.2-2,NM_002736.3-2,
322,-0.637384131,NP_002736,NP_002736.3,NM_002745.5,MAPK1
323,-1.019970106,NP_002778,NP_002778.1,NM_002787.5,PSMA2
324,-0.957047142,NP_002783,NP_002783.1,NM_002792.4,PSMA7
325,-0.76626803,NP_002784,NP_002784.1,NM_002793.4,PSMB1
326,-0.856072901,NP_002786,NP_002786.2,NM_002795.4,PSMB3
327,-0.856072901,NP_002786,NP_002786.2-2,NM_002795.4-2,
328,-0.998766555,NP_002787,NP_002787.2,NM_002796.3,PSMB4
329,-1.111926569,NP_002789,NP_002789.1,NM_002798.3,PSMB6
330,-0.846996012,NP_002790,NP_002790.1,NM_002799.4,PSMB7
331,-0.998668576,NP_002794,NP_002794.1,NM_002803.4,PSMC2
332,-0.970163801,NP_002802,NP_002802.2,NM_002811.5,PSMD7
333,-0.613003464,NP_002803,NP_002803.2,NM_002812.5,PSMD8
334,-0.574783409,NP_002814,NP_002814.3,NM_002823.5,PTMA
335,1.115743303,NP_002817,NP_002817.2,NM_002826.5,QSOX1
336,-1.124844539,NP_002878,NP_002878.2,NM_002887.4,RARS1
337,-0.60907771,NP_002892,NP_002892.1,NM_002901.4,RCN1
338,1.479674314,NP_002893,NP_002893.1,NM_002902.3,RCN2
339,-0.792369591,NP_002906,NP_002906.1,NM_002915.4,RFC3
340,-0.676525773,NP_002922,NP_002922.2,NM_002931.4,RING1
341,-0.676525773,NP_002922,NP_002922.2-5,NM_002931.4-5,
342,-0.676525773,NP_002922,NP_002922.2-6,NM_002931.4-6,
343,-1.212088414,NP_003007,NP_003007.2,NM_003016.4,SRSF2
344,-1.040174207,NP_003008,NP_003008.1,NM_003017.5,SRSF3
345,-1.031150832,NP_003019,NP_003019.2,NM_003028.3,SHB
346,-0.829885014,NP_003065,NP_003065.3,NM_003074.4,SMARCC1
347,-0.613916216,NP_003081,NP_003081.2,NM_003090.4,SNRPA1
348,-0.852482563,NP_003082,NP_003082.1,NM_003091.4,SNRPB
349,-0.929092442,NP_003084,NP_003084.1,NM_003093.3,SNRPC
350,-1.254145117,NP_003086,NP_003086.1,NM_003095.5,SNRPF
351,-0.941522464,NP_003098,NP_003098.1,NM_003107.3,SOX4
352,-1.063324036,NP_003115,NP_003115.1,NM_003124.5,SPR
353,-1.134106236,NP_003123,NP_003123.2,NM_003132.3,SRM
354,-0.983138438,NP_003128,NP_003128.3,NM_003137.5,SRPK1
355,-0.918033273,NP_003189,NP_003189.3,NM_003198.3,ELOA
356,-0.644431827,NP_003246,NP_003246.1,NM_003255.5,TIMP2
357,-0.877362504,NP_003253,NP_003253.1,NM_003262.4,SEC62
358,1.612289076,NP_003256,NP_003256.1,NM_003265.3,TLR3
359,1.403107563,NP_003272,NP_003272.3,NM_003281.4,TNNI1
360,-1.13435762,NP_003277,NP_003277.1,NM_003286.4,TOP1
361,-0.915730727,NP_003283,NP_003283.2,NM_003292.3,TPR
362,-0.92057931,NP_003320,NP_003320.2,NM_003329.4,TXN
363,-0.701182473,NP_003328,NP_003328.1,NM_003337.4,UBE2B
364,-1.127153134,NP_003339,NP_003339.1,NM_003348.4,UBE2N
365,-0.772999008,NP_003356,NP_003356.2,NM_003365.3,UQCRC1
366,-1.051532026,NP_003357,NP_003357.2,NM_003366.4,UQCRC2
367,-1.051532026,NP_003357,NP_003357.2-2,NM_003366.4-2,
368,-0.85646749,NP_003394,NP_003394.1,NM_003403.5,YY1
369,-0.576509623,NP_003396,NP_003396.1,NM_003405.4,YWHAH
370,-1.095387457,NP_003404,NP_003404.1,NM_003413.4,ZIC3
371,-0.990147387,NP_003473,NP_003473.3,NM_003482.4,KMT2D
372,-0.889228777,NP_003474,NP_003474.1,NM_003483.6,HMGA2
373,-0.741967684,NP_003533,NP_003533.1,NM_003542.4,H4C3
374,1.382631605,NP_003576,NP_003576.2,NM_003585.5,DOC2B
375,1.382631605,NP_003576,NP_003576.2-2,NM_003585.5-2,
376,-0.935249889,NP_003592,NP_003592.3,NM_003601.4,SMARCA5
377,-0.822570711,NP_003674,NP_003674.1,NM_003683.6,RRP1
378,0.935224338,NP_003705,NP_003705.1,NM_003714.3,STC2
379,-0.63445203,NP_003741,NP_003741.1,NM_003750.4,EIF3A
380,-0.769443531,NP_003840,NP_003840.2,NM_003849.4,SUCLG1
381,-0.940327259,NP_003841,NP_003841.1,NM_003850.3,SUCLA2
382,-0.752718818,NP_003861,NP_003861.1,NM_003870.4,IQGAP1
383,-1.374730629,NP_003904,NP_003904.3,NM_003913.5,PRPF4B
384,-1.381486757,NP_003974,NP_003974.3,NM_003983.6,SLC7A6
385,-0.744156966,NP_004036,NP_004036.1,NM_004045.4,ATOX1
386,-0.788499885,NP_004065,NP_004065.1,NM_004074.3,COX8A
387,-1.171968024,NP_004068,NP_004068.2,NM_004077.3,CS
388,-0.810108531,NP_004083,NP_004083.3,NM_004092.4,ECHS1
389,-0.472160669,NP_004087,NP_004087.1,NM_004096.5,EIF4EBP2
390,-0.571668587,NP_004102,NP_004102.1,NM_004111.6,FEN1
391,-1.254830341,NP_004115,NP_004115.1,NM_004124.3,GMFB
392,-1.160792325,NP_004119,NP_004119.1,NM_004128.3,GTF2F2
393,-0.798698134,NP_004125,NP_004125.3,NM_004134.7,HSPA9
394,-0.859446535,NP_004138,NP_004138.1,NM_004147.4,DRG1
395,-1.080935332,NP_004172,NP_004172.2,NM_004181.5,UCHL1
396,-0.815017371,NP_004209,NP_004209.2,NM_004218.4,RAB11B
397,-1.01795589,NP_004243,NP_004243.1,NM_004252.5,SLC9A3R1
398,-0.801748947,NP_004246,NP_004246.2,NM_004255.4,COX5A
399,-0.898374743,NP_004270,NP_004270.2,NM_004279.3,PMPCB
400,-1.31563547,NP_004271,NP_004271.1,NM_004280.5,EEF1E1
401,-1.882727307,NP_004280,NP_004280.5,NM_004289.7,NFE2L3
402,-0.491426833,NP_004334,NP_004334.1,NM_004343.4,CALR
403,-1.145688911,NP_004389,NP_004389.2,NM_004398.4,DDX10
404,-1.146541941,NP_004396,NP_004396.1,NM_004405.4,DLX2
405,-1.031961176,NP_004441,NP_004441.1,NM_004450.3,ERH
406,-0.78919312,NP_004452,NP_004452.1,NM_004461.3,FARSA
407,-0.632092924,NP_004468,NP_004468.1,NM_004477.3,FRG1
408,-0.632092924,NP_004468,NP_004468.1-2,NM_004477.3-2,
409,-0.632092924,NP_004468,NP_004468.1-3,NM_004477.3-3,
410,-0.632092924,NP_004468,NP_004468.1-4,NM_004477.3-4,
411,-1.355103084,NP_004493,NP_004493.3,NM_004502.4,HOXB7
412,-0.814440801,NP_004514,NP_004514.2,NM_004523.4,KIF11
413,-0.920731141,NP_004532,NP_004532.1,NM_004541.4,NDUFA1
414,-0.950785752,NP_004536,NP_004536.3,NM_004545.4,NDUFB1
415,-0.71611962,NP_004539,NP_004539.1,NM_004548.3,NDUFB10
416,-1.239150001,NP_004542,NP_004542.1,NM_004551.3,NDUFS3
417,-1.239150001,NP_004542,NP_004542.1-2,NM_004551.3-2,
418,-0.949391834,NP_004544,NP_004544.1,NM_004553.6,NDUFS6
419,-0.962455975,NP_004550,NP_004550.2,NM_004559.5,YBX1
420,-0.971331711,NP_004573,NP_004573.2,NM_004582.4,RABGGTB
421,-0.710009912,NP_004598,NP_004598.1,NM_004607.3,TBCA
422,-0.896847579,NP_004628,NP_004628.4,NM_004637.6,RAB7A
423,-1.126974168,NP_004636,NP_004636.1,NM_004645.3,COIL
424,-0.703855473,NP_004696,NP_004696.2,NM_004705.4,THAP12
425,-1.032789351,NP_004699,NP_004699.1,NM_004708.4,PDCD5
426,-0.661637818,NP_004716,NP_004716.1,NM_004725.4,BUB3
427,-1.078519212,NP_004772,NP_004772.1,NM_004781.4,VAMP3
428,-0.767375961,NP_004773,NP_004773.1,NM_004782.4,SNAP29
429,-0.890499723,NP_004791,NP_004791.1,NM_004800.3,TM9SF2
430,-0.628890575,NP_004795,NP_004795.1,NM_004804.3,CIAO1
431,-0.788680063,NP_004805,NP_004805.2,NM_004814.3,SNRNP40
432,-0.969299499,NP_004809,NP_004809.2,NM_004818.3,DDX23
433,3.592587367,NP_004855,NP_004855.2,NM_004864.4,GDF15
434,-0.612758585,NP_004881,NP_004881.2,NM_004890.3,SPAG7
435,-0.773875369,NP_004883,NP_004883.3,NM_004892.6,SEC22B
436,2.011731467,NP_004892,NP_004892.1,NM_004901.5,ENTPD4
437,-0.98699962,NP_004896,NP_004896.1,NM_004905.3,PRDX6
438,-0.998500176,NP_004930,NP_004930.1,NM_004939.3,DDX1
439,-0.51343122,NP_004992,NP_004992.2,NM_005001.5,NDUFA7
440,-0.903900812,NP_004993,NP_004993.1,NM_005002.5,NDUFA9
441,-0.511788194,NP_005006,NP_005006.4,NM_005015.5,OXA1L
442,-0.735467524,NP_005025,NP_005025.1,NM_005034.4,POLR2K
443,-0.895463598,NP_005054,NP_005054.3,NM_005063.5,SCD
444,1.116775755,NP_005064,NP_005064.1,NM_005073.4,SLC15A1
445,-0.88653125,NP_005073,NP_005073.2,NM_005082.5,TRIM25
446,-0.918816945,NP_005096,NP_005096.1,NM_005105.5,RBM8A
447,-0.918987324,NP_005116,NP_005116.1,NM_005125.2,CCS
448,2.093491065,NP_005197,NP_005197.3,NM_005206.5,CRK
449,2.093491065,NP_005197,NP_005197.3-2,NM_005206.5-2,
450,-0.702635858,NP_005198,NP_005198.1,NM_005207.4,CRKL
451,-0.522502637,NP_005207,NP_005207.3,NM_005216.5,DDOST
452,-0.891046054,NP_005240,NP_005240.3,NM_005249.5,FOXG1
453,-0.612133425,NP_005264,NP_005264.2,NM_005273.4,GNB2
454,-0.924866889,NP_005265,NP_005265.1,NM_005274.3,GNG5
455,-0.689197265,NP_005361,NP_005361.2,NM_005370.5,RAB8A
456,-0.839621097,NP_005372,NP_005372.2,NM_005381.3,NCL
457,-0.734095574,NP_005397,NP_005397.1,NM_005406.3,ROCK1
458,-0.784699203,NP_005406,NP_005406.3,NM_005415.5,SLC20A1
459,-1.18638616,NP_005427,NP_005427.2,NM_005436.5,CCDC6
460,-0.844893569,NP_005436,NP_005436.1,NM_005445.4,SMC3
461,-0.777739305,NP_005473,NP_005473.1,NM_005482.3,PIGK
462,-1.009114563,NP_005485,NP_005485.1,NM_005494.3,DNAJB6
463,-1.035110194,NP_005498,NP_005498.1,NM_005507.3,CFL1
464,-0.781461805,NP_005508,NP_005508.1,NM_005517.4,HMGN2
465,-1.081230696,NP_005514,NP_005514.1,NM_005523.6,HOXA11
466,-0.939510518,NP_005660,NP_005660.4,NM_005669.5,REEP5
467,-0.769027632,NP_005723,NP_005723.2,NM_005732.4,RAD50
468,-1.037895343,NP_005724,NP_005724.1,NM_005733.3,KIF20A
469,-0.950260251,NP_005751,NP_005751.2,NM_005760.3,CEBPZ
470,-0.582563508,NP_005753,NP_005753.1,NM_005762.3,TRIM28
471,1.432516301,NP_005759,NP_005759.4,NM_005768.6,LPCAT3
472,-0.579133482,NP_005767,NP_005767.1,NM_005776.3,CNIH1
473,-0.708227228,NP_005773,NP_005773.3,NM_005782.4,ALYREF
474,-0.81406155,NP_005774,NP_005774.2,NM_005783.4,TXNDC9
475,-1.043318314,NP_005782,NP_005782.1,NM_005791.3,MPHOSPH10
476,-0.90000384,NP_005796,NP_005796.1,NM_005805.6,PSMD14
477,-0.888131279,NP_005800,NP_005800.3,NM_005809.6,PRDX2
478,-1.03395077,NP_005802,NP_005802.1,NM_005811.5,GDF11
479,-0.585672104,NP_005819,NP_005819.3,NM_005828.5,DCAF7
480,-0.943532261,NP_005821,NP_005821.2,NM_005830.4,MRPS31
481,-1.660389567,NP_005827,NP_005827.1,NM_005836.3,RIDA
482,-0.676646398,NP_005828,NP_005828.2,NM_005837.3,POP7
483,-0.721287258,NP_005849,NP_005849.1,NM_005858.4,AKAP8
484,-0.449744178,NP_005850,NP_005850.1,NM_005859.5,PURA
485,-0.93568439,NP_005863,NP_005863.1,NM_005872.3,BCAS2
486,-0.725915674,NP_005868,NP_005868.1,NM_005877.6,SF3A1
487,-0.892190924,NP_005871,NP_005871.1,NM_005880.4,DNAJA2
488,-0.751305545,NP_005877,NP_005877.2,NM_005886.3,KATNB1
489,-0.980490549,NP_005906,NP_005906.2,NM_005915.6,MCM6
490,-1.135846105,NP_005947,NP_005947.3,NM_005956.4,MTHFD1
491,-0.716705023,NP_005964,NP_005964.3,NM_005973.5,PRCC
492,-0.69017065,NP_005990,NP_005990.1,NM_005999.3,TSNAX
493,-0.811751515,NP_005994,NP_005994.2,NM_006003.3,UQCRFS1
494,-1.508701163,NP_006020,NP_006020.4,NM_006029.5,PNMA1
495,-0.978877852,NP_006053,NP_006053.2,NM_006062.3,SMYD5
496,-0.752631666,NP_006073,NP_006073.2,NM_006082.3,TUBA1B
497,-0.693636561,NP_006074,NP_006074.2,NM_006083.4,IK
498,-0.729118404,NP_006079,NP_006079.1,NM_006088.6,TUBB4B
499,-0.791717138,NP_006147,NP_006147.1,NM_006156.3,NEDD8
500,-0.791717138,NP_006147,NP_006147.1-2,NM_006156.3-2,
501,-1.05092976,NP_006169,NP_006169.2,NM_006178.4,NSF
502,-1.05092976,NP_006169,NP_006169.2-2,NM_006178.4-2,
503,-0.790591886,NP_006182,NP_006182.2,NM_006191.3,PA2G4
504,-0.804112558,NP_006187,NP_006187.2,NM_006196.4,PCBP1
505,-1.038964667,NP_006214,NP_006214.3,NM_006223.4,PIN4
506,-0.767041352,NP_006228,NP_006228.3,NM_006237.4,POU4F1
507,-0.514614685,NP_006256,NP_006256.1,NM_006265.3,RAD21
508,-1.155504973,NP_006266,NP_006266.2,NM_006275.6,SRSF6
509,-0.604864146,NP_006280,NP_006280.3,NM_006289.4,TLN1
510,-1.128245801,NP_006295,NP_006295.1,NM_006304.2,SEM1
511,-1.137639038,NP_006296,NP_006296.1,NM_006305.4,ANP32A
512,-0.621128847,NP_006311,NP_006311.3,NM_006320.6,PGRMC2
513,-0.899231473,NP_006315,NP_006315.1,NM_006324.3,CFDP1
514,-0.900309453,NP_006323,NP_006323.2,NM_006332.5,IFI30
515,-0.851114159,NP_006326,NP_006326.1,NM_006335.3,TIMM17A
516,-0.800628926,NP_006360,NP_006360.3,NM_006369.5,LRRC41
517,-0.738931041,NP_006382,NP_006382.1,NM_006391.3,IPO7
518,-0.612644524,NP_006388,NP_006388.2,NM_006397.3,RNASEH2A
519,-0.818068054,NP_006392,NP_006392.1,NM_006401.3,ANP32B
520,-0.758478179,NP_006397,NP_006397.1,NM_006406.2,PRDX4
521,-1.149936102,NP_006398,NP_006398.1,NM_006407.4,ARL6IP5
522,-1.627405028,NP_006428,NP_006428.2,NM_006437.4,PARP4
523,-0.799919446,NP_006444,NP_006444.2,NM_006453.3,TBL3
524,-0.791221202,NP_006445,NP_006445.1,NM_006454.3,MXD4
525,-0.74403169,NP_006451,NP_006451.1,NM_006460.3,HEXIM1
526,-0.812616317,NP_006467,NP_006467.4,NM_006476.5,ATP5MG
527,-0.901399279,NP_006501,NP_006501.1,NM_006510.5,TRIM27
528,-0.901399279,NP_006501,NP_006501.1-3,NM_006510.5-3,
529,-0.901399279,NP_006501,NP_006501.1-4,NM_006510.5-4,
530,-0.901399279,NP_006501,NP_006501.1-6,NM_006510.5-6,
531,-0.901399279,NP_006501,NP_006501.1-7,NM_006510.5-7,
532,-1.027642518,NP_006561,NP_006561.1,NM_006570.5,RRAGA
533,-1.218167171,NP_006562,NP_006562.1,NM_006571.4,DCTN6
534,-0.686057544,NP_006570,NP_006570.1,NM_006579.3,EBP
535,1.915479244,NP_006603,NP_006603.2,NM_006612.6,KIF1C
536,-0.978638764,NP_006618,NP_006618.1,NM_006627.3,POP4
537,-1.516111203,NP_006658,NP_006658.1,NM_006667.5,PGRMC1
538,-0.84102577,NP_006685,NP_006685.1,NM_006694.4,JTB
539,-0.736625381,NP_006694,NP_006694.1,NM_006703.4,NUDT3
540,-0.778028868,NP_006708,NP_006708.2,NM_006717.3,SPIN1
541,-1.010758309,NP_006734,NP_006734.1,NM_006743.5,RBM3
542,-0.78716693,NP_006752,NP_006752.1,NM_006761.5,YWHAE
543,-0.78716693,NP_006752,NP_006752.1-2,NM_006761.5-2,
544,-0.901635872,NP_006758,NP_006758.2,NM_006767.4,LZTR1
545,-1.311837179,NP_006784,NP_006784.1,NM_006793.5,PRDX3
546,-0.841549824,NP_006796,NP_006796.1,NM_006805.4,HNRNPA0
547,-1.104906026,NP_006817,NP_006817.1,NM_006826.4,YWHAQ
548,-0.689685942,NP_006818,NP_006818.3,NM_006827.6,TMED10
549,-0.798965527,NP_006824,NP_006824.2,NM_006833.5,COPS6
550,1.2507482,NP_006857,NP_006857.2,NM_006866.4,LILRA2
551,1.2507482,NP_006857,NP_006857.2-2,NM_006866.4-2,
552,1.2507482,NP_006857,NP_006857.2-3,NM_006866.4-3,
553,1.2507482,NP_006857,NP_006857.2-4,NM_006866.4-4,
554,-0.890127107,NP_006867,NP_006867.1,NM_006876.3,B4GAT1
555,-0.731562219,NP_008817,NP_008817.1,NM_006886.4,ATP5F1E
556,-0.55104019,NP_008818,NP_008818.3,NM_006887.5,ZFP36L2
557,-1.046837989,NP_008827,NP_008827.2,NM_006896.4,HOXA7
558,-1.334105139,NP_008828,NP_008828.1,NM_006897.3,HOXC9
559,-0.654214222,NP_008844,NP_008844.1,NM_006913.4,RNF5
560,-0.654214222,NP_008844,NP_008844.1-5,NM_006913.4-5,
561,-0.654214222,NP_008844,NP_008844.1-6,NM_006913.4-6,
562,-0.654214222,NP_008844,NP_008844.1-7,NM_006913.4-7,
563,-1.121612845,NP_008864,NP_008864.4,NM_006933.7,SLC5A3
564,-0.727055264,NP_008868,NP_008868.3,NM_006937.4,SUMO2
565,-0.772234462,NP_008869,NP_008869.1,NM_006938.4,SNRPD1
566,2.812337796,NP_008922,NP_008922.1,NM_006991.5,ZNF197
567,2.812337796,NP_008922,NP_008922.1-2,NM_006991.5-2,
568,-1.184478498,NP_008937,NP_008937.1,NM_007006.3,NUDT21
569,-0.610173538,NP_008986,NP_008986.2,NM_007055.4,POLR3A
570,-1.00823405,NP_008996,NP_008996.1,NM_007065.4,CDC37
571,-0.632654027,NP_009031,NP_009031.1,NM_007100.4,ATP5ME
572,-0.823172473,NP_009039,NP_009039.1,NM_007108.4,ELOB
573,-1.483640582,NP_009060,NP_009060.2,NM_007129.5,ZIC2
574,-0.818227163,NP_009107,NP_009107.1,NM_007176.4,ERG28
575,-0.866667993,NP_009120,NP_009120.1,NM_007189.3,ABCF2
576,-0.853111503,NP_009123,NP_009123.1,NM_007192.4,SUPT16H
577,-0.856442687,NP_009135,NP_009135.4,NM_007204.5,DDX20
578,-1.199781031,NP_009139,NP_009139.1,NM_007208.4,MRPL3
579,-0.739660657,NP_009216,NP_009216.1,NM_007285.7,GABARAPL2
580,1.15218045,NP_009223,NP_009223.2,NM_007292.6,ACOX1
581,-1.157988596,NP_031401,NP_031401.1,NM_007375.4,TARDBP
582,-0.9337486,NP_036203,NP_036203.1,NM_012071.4,COMMD3
583,1.120866588,NP_036346,NP_036346.1,NM_012214.3,MGAT4A
584,-0.757871555,NP_036364,NP_036364.2,NM_012232.6,CAVIN1
585,-0.679287135,NP_036380,NP_036380.2,NM_012248.4,SEPHS2
586,-0.72132578,NP_036394,NP_036394.1,NM_012262.4,HS2ST1
587,-0.612214079,NP_036442,NP_036442.3,NM_012310.5,KIF4A
588,-1.006361416,NP_036449,NP_036449.1,NM_012317.4,LDOC1
589,-0.713026625,NP_036451,NP_036451.4,NM_012319.4,SLC39A6
590,-1.398822821,NP_036465,NP_036465.2,NM_012333.5,MYCBP
591,-1.138082256,NP_036474,NP_036474.1,NM_012342.3,BAMBI
592,1.335093662,NP_036506,NP_036506.1,NM_012374.2,OR4D1
593,2.255665229,NP_036507,NP_036507.2,NM_012375.3,OR52A1
594,-0.92980143,NP_036546,NP_036546.2,NM_012414.4,RAB3GAP2
595,-0.81847611,NP_036558,NP_036558.3,NM_012426.5,SF3B3
596,-1.363056965,NP_036591,NP_036591.3,NM_012459.4,TIMM8B
597,-0.839030669,NP_036611,NP_036611.2,NM_012479.4,YWHAG
598,-0.781999398,NP_037408,NP_037408.2,NM_013276.4,SHPK
599,0.848189391,NP_037465,NP_037465.2,NM_013333.4,EPN1
600,-0.737893591,NP_037469,NP_037469.2,NM_013337.4,TIMM22
601,-0.737893591,NP_037469,NP_037469.2-2,NM_013337.4-2,
602,-1.000998746,NP_037471,NP_037471.2,NM_013339.4,ALG6
603,-1.437444879,NP_037505,NP_037505.1,NM_013373.4,ZDHHC8
604,-1.099283986,NP_037507,NP_037507.1,NM_013375.4,ABT1
605,-1.099283986,NP_037507,NP_037507.1-2,NM_013375.4-2,
606,-0.977458541,NP_037519,NP_037519.2,NM_013387.4,UQCR10
607,1.875089106,NP_038460,NP_038460.4,NM_013432.5,TONSL
608,-0.898737832,NP_038472,NP_038472.2,NM_013444.4,UBQLN2
609,0.831915046,NP_039228,NP_039228.1,NM_013940.4,OR10H1
610,-1.074509307,NP_054733,NP_054733.2,NM_014014.5,SNRNP200
611,1.792317129,NP_054745,NP_054745.1,NM_014026.6,DCPS
612,-0.743526668,NP_054760,NP_054760.4,NM_014041.5,SPCS1
613,-0.866200102,NP_054766,NP_054766.1,NM_014047.3,C19orf53
614,-1.089268469,NP_054770,NP_054770.1,NM_014051.4,TMEM14A
615,-1.245782234,NP_054797,NP_054797.2,NM_014078.6,MRPL13
616,1.532151224,NP_054868,NP_054868.3,NM_014149.4,WDR91
617,-1.293888458,NP_054880,NP_054880.2,NM_014161.5,MRPL18
618,-0.826351932,NP_054886,NP_054886.2,NM_014167.5,CCDC59
619,-1.53727882,NP_054894,NP_054894.1,NM_014175.4,MRPL15
620,-0.880517132,NP_054900,NP_054900.2,NM_014181.3,LGALSL
621,-0.666930438,NP_054907,NP_054907.1,NM_014188.3,SSU72
622,-1.794491121,NP_055028,NP_055028.3,NM_014213.4,HOXD9
623,-1.275531345,NP_055070,NP_055070.1,NM_014255.7,CNPY2
624,-0.940584357,NP_055095,NP_055095.2,NM_014280.3,DNAJC8
625,-0.940584357,NP_055095,NP_055095.2-2,NM_014280.3-2,
626,-0.963026104,NP_055121,NP_055121.1,NM_014306.5,RTCB
627,-0.699469939,NP_055136,NP_055136.1,NM_014321.4,ORC6
628,1.725734403,NP_055145,NP_055145.3,NM_014330.5,PPP1R15A
629,-0.800204842,NP_055209,NP_055209.2,NM_014394.3,GHITM
630,-0.897472802,NP_055214,NP_055214.1,NM_014399.4,TSPAN13
631,-0.700729359,NP_055217,NP_055217.2,NM_014402.5,UQCRQ
632,2.361080583,NP_055257,NP_055257.2,NM_014442.3,SIGLEC8
633,-0.555376901,NP_055260,NP_055260.1,NM_014445.4,SERP1
634,-0.775625901,NP_055278,NP_055278.1,NM_014463.3,LSM3
635,-0.718019211,NP_055317,NP_055317.1,NM_014502.5,PRPF19
636,-1.414383451,NP_055318,NP_055318.2,NM_014503.3,UTP20
637,-0.793845447,NP_055417,NP_055417.1,NM_014602.3,PIK3R4
638,-0.736777412,NP_055422,NP_055422.1,NM_014607.4,UBXN4
639,-1.014010448,NP_055429,NP_055429.2,NM_014614.3,PSME4
640,1.586550604,NP_055498,NP_055498.3,NM_014683.4,ULK2
641,-0.724039194,NP_055524,NP_055524.3,NM_014709.4,USP34
642,-1.165793607,NP_055554,NP_055554.1,NM_014739.3,BCLAF1
643,-0.606120727,NP_055567,NP_055567.2,NM_014752.3,SPCS2
644,-0.739864962,NP_055570,NP_055570.1,NM_014755.3,SERTAD2
645,-0.916066961,NP_055575,NP_055575.3,NM_014760.4,TATDN2
646,-0.953678924,NP_055577,NP_055577.1,NM_014762.4,DHCR24
647,-1.217043629,NP_055578,NP_055578.2,NM_014763.4,MRPL19
648,-0.687796519,NP_055680,NP_055680.3,NM_014865.4,NCAPD2
649,-1.202789239,NP_055693,NP_055693.4,NM_014878.5,PUM3
650,-0.937017604,NP_055701,NP_055701.1,NM_014886.6,NSA2
651,-0.690000737,NP_055706,NP_055706.1,NM_014891.7,PDAP1
652,-1.240981407,NP_055723,NP_055723.1,NM_014908.4,DOLK
653,-0.780761328,NP_055787,NP_055787.1,NM_014972.3,TCF25
654,-1.273133953,NP_055816,NP_055816.2,NM_015001.3,SPEN
655,-0.793586861,NP_055871,NP_055871.1,NM_015056.3,RRP1B
656,-1.07500889,NP_055872,NP_055872.4,NM_015057.5,MYCBP2
657,-0.860804405,NP_055946,NP_055946.1,NM_015131.3,WDR43
658,-1.109668501,NP_055955,NP_055955.1,NM_015140.4,TTLL12
659,-1.186723162,NP_055959,NP_055959.2,NM_015144.3,ZCCHC14
660,-0.738593241,NP_056016,NP_056016.1,NM_015201.5,BOP1
661,-1.449805887,NP_056046,NP_056046.2,NM_015231.3,NUP160
662,-1.449805887,NP_056046,NP_056046.2-2,NM_015231.3-2,
663,-0.906745333,NP_056050,NP_056050.1,NM_015235.3,CSTF2T
664,-1.151867745,NP_056140,NP_056140.1,NM_015325.3,ICE1
665,-1.103297096,NP_056169,NP_056169.1,NM_015354.3,NUP188
666,-0.873352884,NP_056175,NP_056175.3,NM_015360.5,MTREX
667,-0.845498407,NP_056195,NP_056195.3,NM_015380.5,SAMM50
668,-0.622541691,NP_056212,NP_056212.1,NM_015397.4,DCAF12
669,-0.860296847,NP_056224,NP_056224.3,NM_015409.5,EP400
670,-1.332344218,NP_056236,NP_056236.2,NM_015421.4,TMEM186
671,-0.88449854,NP_056238,NP_056238.2,NM_015423.3,AASDHPPT
672,-0.962248716,NP_056240,NP_056240.2,NM_015425.6,POLR1A
673,0.843848393,NP_056246,NP_056246.3,NM_015431.4,TRIM58
674,-1.053969633,NP_056338,NP_056338.2,NM_015523.4,REXO2
675,1.138988889,NP_056360,NP_056360.2,NM_015545.4,PTCD1
676,-1.160838946,NP_056437,NP_056437.4,NM_015622.6,CCZ1
677,-0.789520671,NP_056474,NP_056474.2,NM_015659.3,RSL1D1
678,-0.850719607,NP_056508,NP_056508.2,NM_015693.4,INTU
679,-0.804486723,NP_056513,NP_056513.2,NM_015698.6,GPKOW
680,-0.736881802,NP_056517,NP_056517.1,NM_015702.3,MMADHC
681,-0.622091831,NP_056518,NP_056518.2,NM_015703.5,RRP7A
682,-0.683647757,NP_056541,NP_056541.2,NM_015726.4,DCAF8
683,-1.136070339,NP_056988,NP_056988.3,NM_015904.4,EIF5B
684,-1.083717159,NP_056991,NP_056991.2,NM_015907.3,LAP3
685,-0.894987298,NP_056997,NP_056997.1,NM_015913.4,TXNDC12
686,-0.869685604,NP_057016,NP_057016.1,NM_015932.6,POMP
687,-0.856982322,NP_057017,NP_057017.1,NM_015933.6,TMA7
688,-0.944536537,NP_057018,NP_057018.1,NM_015934.5,NOP58
689,-0.867649493,NP_057053,NP_057053.1,NM_015969.3,MRPS17
690,-1.059918106,NP_057055,NP_057055.2,NM_015971.4,MRPS7
691,-1.235127096,NP_057057,NP_057057.2,NM_015973.5,GAL
692,-0.931054455,NP_057059,NP_057059.2,NM_015975.5,TAF9B
693,-1.164247727,NP_057085,NP_057085.2,NM_016001.3,UTP18
694,-0.944658636,NP_057108,NP_057108.2,NM_016024.4,RBMX2
695,-0.778642287,NP_057122,NP_057122.2,NM_016038.4,SBDS
696,-0.9893574,NP_057123,NP_057123.1,NM_016039.3,RTRAF
697,-1.404202552,NP_057132,NP_057132.2,NM_016048.2,ISOC1
698,-0.850964224,NP_057143,NP_057143.1,NM_016059.5,PPIL1
699,-0.828127951,NP_057151,NP_057151.1,NM_016067.4,MRPS18C
700,-0.697466081,NP_057152,NP_057152.2,NM_016068.3,FIS1
701,-0.885869978,NP_057154,NP_057154.2,NM_016070.4,MRPS23
702,-0.788089655,NP_057178,NP_057178.2,NM_016094.4,COMMD2
703,-0.851447856,NP_057179,NP_057179.1,NM_016095.3,GINS2
704,-0.707805974,NP_057181,NP_057181.1,NM_016097.5,IER3IP1
705,-0.614209872,NP_057191,NP_057191.2,NM_016107.5,ZFR
706,-0.835687665,NP_057223,NP_057223.1,NM_016139.4,CHCHD2
707,-0.812554566,NP_057229,NP_057229.1,NM_016145.4,WDR83OS
708,-1.280140886,NP_057251,NP_057251.2,NM_016167.5,NOL7
709,-0.839020188,NP_057284,NP_057284.1,NM_016200.5,LSM8
710,-1.43765975,NP_057340,NP_057340.2,NM_016256.4,NAGPA
711,-0.941193052,NP_057359,NP_057359.2,NM_016275.5,SELENOT
712,-0.902063692,NP_057395,NP_057395.1,NM_016311.5,ATP5IF1
713,-0.902063692,NP_057395,NP_057395.1-2,NM_016311.5-2,
714,-0.843644386,NP_057417,NP_057417.3,NM_016333.4,SRRM2
715,-0.953589067,NP_057444,NP_057444.2,NM_016360.4,TACO1
716,-1.016700479,NP_057501,NP_057501.2,NM_016417.3,GLRX5
717,-1.117922627,NP_057550,NP_057550.3,NM_016466.6,ANKRD39
718,-0.749989087,NP_057575,NP_057575.2,NM_016491.4,MRPL37
719,-0.956847774,NP_057581,NP_057581.2,NM_016497.4,MRPL51
720,-1.394076035,NP_057584,NP_057584.2,NM_016500.5,PBDC1
721,-1.172833094,NP_057588,NP_057588.1,NM_016504.3,MRPL27
722,-0.776668449,NP_057594,NP_057594.5,NM_016510.7,SCLY
723,-0.809660008,NP_057604,NP_057604.1,NM_016520.3,C9orf78
724,-1.227355575,NP_057651,NP_057651.1,NM_016567.4,BCCIP
725,1.725913264,NP_057723,NP_057723.1,NM_016639.3,TNFRSF12A
726,-0.823926234,NP_057724,NP_057724.2,NM_016640.4,MRPS30
727,1.885288481,NP_058431,NP_058431.2,NM_016823.4,CRK
728,1.885288481,NP_058431,NP_058431.2-2,NM_016823.4-2,
729,1.684197073,NP_058649,NP_058649.3,NM_016953.4,PDE11A
730,-1.151978259,NP_060016,NP_060016.3,NM_017546.5,CNOT11
731,-0.563997191,NP_060083,NP_060083.1,NM_017613.4,DONSON
732,-1.04200144,NP_060117,NP_060117.3,NM_017647.4,FTSJ3
733,-1.027851138,NP_060217,NP_060217.1,NM_017747.3,ANKHD1
734,-0.873186307,NP_060271,NP_060271.1,NM_017801.3,CMTM6
735,-0.926763382,NP_060277,NP_060277.1,NM_017807.4,OSGEP
736,-0.926763382,NP_060277,NP_060277.1-2,NM_017807.4-2,
737,-0.66371549,NP_060283,NP_060283.3,NM_017813.5,BPNT2
738,-1.209424314,NP_060310,NP_060310.1,NM_017840.4,MRPL16
739,-1.232033804,NP_060311,NP_060311.1,NM_017841.4,SDHAF2
740,-1.207838182,NP_060316,NP_060316.1,NM_017846.5,TRNAU1AP
741,2.811506753,NP_060319,NP_060319.1,NM_017849.4,TMEM127
742,-0.957700819,NP_060337,NP_060337.2,NM_017867.3,HPF1
743,1.391336492,NP_060343,NP_060343.1,NM_017873.4,ASB6
744,-1.009130394,NP_060422,NP_060422.4,NM_017952.6,PTCD3
745,-1.638444886,NP_060426,NP_060426.2,NM_017956.4,TRMT12
746,-0.649361226,NP_060481,NP_060481.3,NM_018011.4,ARGLU1
747,-0.938833964,NP_060495,NP_060495.2,NM_018025.3,GPATCH1
748,-1.056056,NP_060506,NP_060506.6,NM_018036.7,ATG2B
749,-0.742540843,NP_060516,NP_060516.2,NM_018046.5,AGGF1
750,-0.754289061,NP_060517,NP_060517.1,NM_018047.3,RBM22
751,-1.261348061,NP_060530,NP_060530.3,NM_018060.4,IARS2
752,-1.461449743,NP_060542,NP_060542.4,NM_018072.6,HEATR1
753,-0.820500277,NP_060547,NP_060547.2,NM_018077.3,RBM28
754,-0.51237924,NP_060555,NP_060555.2,NM_018085.5,IPO9
755,-0.741002866,NP_060598,NP_060598.3,NM_018128.5,TSR1
756,-0.711411816,NP_060599,NP_060599.1,NM_018129.4,PNPO
757,-1.27327529,NP_060600,NP_060600.2,NM_018130.3,SHQ1
758,-0.906252032,NP_060606,NP_060606.3,NM_018136.5,ASPM
759,0.576202318,NP_060613,NP_060613.1,NM_018143.3,KLHL11
760,-0.732439746,NP_060619,NP_060619.4,NM_018149.7,SMG8
761,-1.039328754,NP_060628,NP_060628.3,NM_018158.3,SLC4A1AP
762,1.108386898,NP_060695,NP_060695.2,NM_018225.3,SMU1
763,-0.972901469,NP_060700,NP_060700.2,NM_018230.3,NUP133
764,-0.89118422,NP_060753,NP_060753.1,NM_018283.4,NUDT15
765,-0.91738098,NP_060755,NP_060755.1,NM_018285.4,IMP3
766,-0.957412813,NP_060791,NP_060791.3,NM_018321.4,BRIX1
767,-1.01982961,NP_060809,NP_060809.3,NM_018339.6,RFK
768,-0.715866837,NP_060816,NP_060816.1,NM_018346.3,RSAD1
769,-0.738436638,NP_060822,NP_060822.2,NM_018352.3,TMA16
770,-0.658031237,NP_060843,NP_060843.2,NM_018373.3,SYNJ2BP
771,-1.156855151,NP_060855,NP_060855.2,NM_018385.3,LSG1
772,-0.893734787,NP_060867,NP_060867.2,NM_018397.5,CHDH
773,-0.706636442,NP_060877,NP_060877.4,NM_018407.6,LAPTM4B
774,1.805434818,NP_060908,NP_060908.1,NM_018438.6,FBXO6
775,-0.857399838,NP_060922,NP_060922.2,NM_018452.6,TMEM242
776,-0.717547589,NP_060932,NP_060932.2,NM_018462.5,BRK1
777,-1.015969255,NP_060934,NP_060934.1,NM_018464.5,CISD1
778,-1.001139493,NP_060941,NP_060941.2,NM_018471.3,ZC3H15
779,-0.557959439,NP_060979,NP_060979.2,NM_018509.4,LRRC59
780,0.739434513,NP_061031,NP_061031.2,NM_018561.5,USP49
781,-0.516271605,NP_061063,NP_061063.2,NM_018593.5,SLC16A10
782,-0.797595959,NP_061119,NP_061119.1,NM_018649.3,MACROH2A2
783,-0.651819642,NP_061133,NP_061133.1,NM_018663.3,PXMP2
784,1.34091803,NP_061756,NP_061756.1,NM_018933.4,PCDHB13
785,1.34091803,NP_061756,NP_061756.1-2,NM_018933.4-2,
786,-0.92898894,NP_061820,NP_061820.1,NM_018947.6,CYCS
787,-1.234876661,NP_061824,NP_061824.3,NM_018951.4,HOXA10
788,-1.321829972,NP_061855,NP_061855.1,NM_018982.5,YIPF1
789,-0.980017188,NP_061862,NP_061862.1,NM_018989.2,RBM27
790,-0.890414367,NP_061924,NP_061924.1,NM_019051.3,MRPL50
791,-0.936877965,NP_061944,NP_061944.2,NM_019071.3,ING3
792,-1.495340235,NP_061975,NP_061975.2,NM_019102.4,HOXA5
793,-0.567658942,NP_061980,NP_061980.1,NM_019107.4,MYDGF
794,-1.007258685,NP_063949,NP_063949.2,NM_019896.4,POLE4
795,2.764435251,NP_064535,NP_064535.1,NM_020150.5,SAR1A
796,-0.947723591,NP_064571,NP_064571.1,NM_020186.3,SDHAF3
797,-0.831748562,NP_064584,NP_064584.1,NM_020199.3,C5orf15
798,-0.949268477,NP_064628,NP_064628.1,NM_020243.5,TOMM22
799,-0.811237038,NP_064708,NP_064708.1,NM_020312.4,COQ9
800,-0.918122947,NP_065101,NP_065101.1,NM_020368.3,UTP3
801,-0.518756057,NP_065108,NP_065108.1,NM_020375.3,TIGAR
802,-0.788339555,NP_065147,NP_065147.1,NM_020414.4,DDX24
803,1.729075059,NP_065169,NP_065169.1,NM_020436.5,SALL4
804,-1.163855279,NP_065194,NP_065194.3,NM_020461.4,TUBGCP6
805,-0.960489149,NP_065726,NP_065726.1,NM_020675.4,SPC25
806,0.987494026,NP_065765,NP_065765.1,NM_020714.3,ZNF490
807,-0.996629725,NP_065921,NP_065921.2,NM_020870.4,SH3RF1
808,1.536929666,NP_066191,NP_066191.1,NM_020981.4,B3GALT1
809,-0.681625452,NP_066272,NP_066272.1,NM_020992.4,PDLIM1
810,-1.025689461,NP_066285,NP_066285.1,NM_021005.4,NR2F2
811,-0.664480597,NP_066565,NP_066565.1,NM_021079.5,NMT1
812,-0.982523558,NP_066952,NP_066952.1,NM_021129.4,PPA1
813,-0.87614013,NP_066964,NP_066964.1,NM_021141.4,XRCC5
814,-1.03282606,NP_066972,NP_066972.1,NM_021149.5,COTL1
815,-0.74985594,NP_067015,NP_067015.2,NM_021192.3,HOXD11
816,-0.693977287,NP_068747,NP_068747.1,NM_021928.4,SPCS3
817,-1.658060477,NP_068777,NP_068777.1,NM_021958.4,HLX
818,-0.776282171,NP_068780,NP_068780.2,NM_021961.6,TEAD1
819,-0.593550212,NP_068839,NP_068839.1,NM_021999.5,ITM2B
820,-0.861133251,NP_071327,NP_071327.2,NM_022044.3,SDF2L1
821,-0.654189337,NP_071344,NP_071344.1,NM_022061.4,MRPL17
822,-0.685727964,NP_071353,NP_071353.4,NM_022070.5,HEATR6
823,-1.141482062,NP_071383,NP_071383.1,NM_022100.3,MRPS14
824,-0.900068726,NP_071446,NP_071446.2,NM_022163.4,MRPL46
825,-0.772396128,NP_071766,NP_071766.2,NM_022371.4,TOR3A
826,-1.094545513,NP_071896,NP_071896.8,NM_022451.11,
827,-0.831493563,NP_071941,NP_071941.1,NM_022496.5,ACTR6
828,-0.826389187,NP_071942,NP_071942.1,NM_022497.5,MRPS25
829,-1.094857717,NP_073149,NP_073149.1,NM_022658.4,HOXC8
830,-0.896666901,NP_073568,NP_073568.2,NM_022731.5,NUCKS1
831,-1.113980924,NP_073613,NP_073613.2,NM_022776.5,OSBPL11
832,-1.120765399,NP_073617,NP_073617.1,NM_022780.4,RMND5A
833,-0.880804511,NP_073729,NP_073729.1,NM_022818.5,MAP1LC3B
834,-1.049470208,NP_075385,NP_075385.1,NM_023009.7,MARCKSL1
835,-0.918170295,NP_075565,NP_075565.2,NM_023077.3,COA7
836,-1.428055254,NP_076919,NP_076919.1,NM_024014.4,HOXA6
837,-1.426094775,NP_076921,NP_076921.1,NM_024016.4,HOXB8
838,-1.021648682,NP_076922,NP_076922.1,NM_024017.5,HOXB9
839,-0.815772906,NP_076955,NP_076955.1,NM_024050.6,DDA1
840,-0.721802258,NP_076962,NP_076962.2,NM_024057.4,NUP37
841,-0.930118961,NP_077001,NP_077001.1,NM_024096.2,DCTPP1
842,-1.354074222,NP_077003,NP_077003.1,NM_024098.4,CCDC86
843,2.293691531,NP_077279,NP_077279.1,NM_024303.4,ZSCAN5A
844,-0.731607599,NP_077295,NP_077295.1,NM_024319.4,C1orf35
845,-1.07213337,NP_077719,NP_077719.2,NM_024408.4,NOTCH2
846,-0.942924559,NP_078792,NP_078792.1,NM_024516.4,PAGR1
847,-1.203303607,NP_078805,NP_078805.3,NM_024529.5,CDC73
848,1.583316383,NP_078912,NP_078912.2,NM_024636.4,STEAP4
849,1.337610555,NP_078913,NP_078913.3,NM_024637.5,GAL3ST4
850,-0.585002756,NP_078916,NP_078916.3,NM_024640.4,YRDC
851,1.327360511,NP_079074,NP_079074.2,NM_024798.3,SNX22
852,-0.574824401,NP_079089,NP_079089.2,NM_024813.3,RPAP2
853,1.362838877,NP_079145,NP_079145.2,NM_024869.3,FAM110D
854,1.064006357,NP_079239,NP_079239.3,NM_024963.6,FBXL18
855,-1.04385074,NP_079341,NP_079341.2,NM_025065.7,RPF1
856,-0.945945708,NP_079345,NP_079345.1,NM_025069.3,ZNF703
857,-1.005711598,NP_079472,NP_079472.1,NM_025196.4,GRPEL1
858,-0.522303668,NP_079481,NP_079481.2,NM_025205.5,MED28
859,-0.964030699,NP_079526,NP_079526.1,NM_025250.3,TTYH3
860,-0.669302708,NP_085048,NP_085048.1,NM_030571.4,NDFIP1
861,-0.649327884,NP_110382,NP_110382.3,NM_030755.5,TMX1
862,-0.765788021,NP_110448,NP_110448.2,NM_030821.5,PLA2G12A
863,0.801676354,NP_112163,NP_112163.1,NM_030901.2,OR7A17
864,-0.864869318,NP_112202,NP_112202.2,NM_030940.4,ISCA1
865,-1.009193744,NP_112211,NP_112211.1,NM_030949.3,PPP1R14C
866,-0.599128275,NP_112243,NP_112243.1,NM_030981.3,RAB1B
867,-1.137041183,NP_112487,NP_112487.1,NM_031210.6,SLIRP
868,2.487005104,NP_112496,NP_112496.1,NM_031219.4,HDHD3
869,-0.928213901,NP_112570,NP_112570.2,NM_031280.4,MRPS15
870,-0.764961302,NP_112577,NP_112577.1,NM_031287.3,SF3B5
871,1.861375401,NP_113647,NP_113647.1,NM_031459.5,SESN2
872,1.861375401,NP_113647,NP_113647.1-2,NM_031459.5-2,
873,1.989486157,NP_113667,NP_113667.1,NM_031479.5,INHBE
874,-1.270957957,NP_113673,NP_113673.3,NM_031485.4,GRWD1
875,-1.69576126,NP_114072,NP_114072.1,NM_031866.3,FZD8
876,-1.291539066,NP_114109,NP_114109.1,NM_031903.3,MRPL32
877,-0.620967168,NP_114404,NP_114404.1,NM_032015.5,RNF26
878,-0.879715364,NP_114409,NP_114409.2,NM_032020.5,FUCA2
879,-0.828705021,NP_115514,NP_115514.2,NM_032138.7,KBTBD7
880,-0.961762685,NP_115515,NP_115515.2,NM_032139.3,ANKRD27
881,-0.876104129,NP_115569,NP_115569.2,NM_032193.4,RNASEH2C
882,-0.733827257,NP_115663,NP_115663.2,NM_032287.3,RTL6
883,-0.814134926,NP_115716,NP_115716.1,NM_032340.4,UQCC2
884,-1.146883784,NP_115717,NP_115717.3,NM_032341.5,DDI2
885,-0.774088526,NP_115723,NP_115723.1,NM_032347.3,ZNF397
886,-0.715302132,NP_115729,NP_115729.1,NM_032353.4,VPS25
887,-0.993100783,NP_115737,NP_115737.1,NM_032361.4,THOC3
888,-0.763135316,NP_115785,NP_115785.1,NM_032409.3,PINK1
889,-0.599691298,NP_115788,NP_115788.1,NM_032412.4,CYSTM1
890,-0.687601981,NP_115811,NP_115811.2,NM_032435.3,MAP3K21
891,2.183049628,NP_115829,NP_115829.1,NM_032453.2,ZNF527
892,-1.013510522,NP_115865,NP_115865.1,NM_032476.4,MRPS6
893,-0.598353612,NP_115867,NP_115867.2,NM_032478.4,MRPL38
894,-1.306245415,NP_115898,NP_115898.2,NM_032509.4,MAK16
895,-1.270489546,NP_116045,NP_116045.2,NM_032656.4,DHX37
896,-1.65387633,NP_116072,NP_116072.2,NM_032683.3,MPV17L2
897,-1.769879451,NP_116103,NP_116103.1,NM_032714.3,INF2
898,-1.05862641,NP_116120,NP_116120.1,NM_032731.4,TXNDC17
899,-1.356459551,NP_116161,NP_116161.2,NM_032772.6,ZNF503
900,-0.72607462,NP_116185,NP_116185.2,NM_032796.4,SYAP1
901,-0.872263812,NP_116236,NP_116236.1,NM_032847.3,C8orf76
902,-0.586564237,NP_116253,NP_116253.2,NM_032864.4,PRPF38A
903,-0.842041868,NP_116270,NP_116270.1,NM_032881.3,LSM10
904,-0.665993839,NP_116558,NP_116558.1,NM_032940.3,POLR2C
905,-0.704332823,NP_149073,NP_149073.1,NM_033082.4,SARNP
906,-0.937640808,NP_149110,NP_149110.1,NM_033119.5,NKD1
907,-0.655255719,NP_149123,NP_149123.3,NM_033132.5,ZIC5
908,-1.237907536,NP_150597,NP_150597.1,NM_033281.6,MRPS36
909,-0.759296726,NP_201575,NP_201575.3,NM_033318.5,SMDT1
910,-0.759296726,NP_201575,NP_201575.3-2,NM_033318.5-2,
911,-0.759296726,NP_201575,NP_201575.3-4,NM_033318.5-4,
912,-0.649131281,NP_219494,NP_219494.2,NM_033426.3,CIPC
913,-1.255771753,NP_277050,NP_277050.2,NM_033515.3,ARHGAP18
914,-0.890340644,NP_291025,NP_291025.3,NM_033547.4,INTS4
915,-1.1152044,NP_291028,NP_291028.3,NM_033550.4,TP53RK
916,-0.776780447,NP_443082,NP_443082.2,NM_052850.4,GADD45GIP1
917,-0.88055987,NP_443089,NP_443089.3,NM_052857.4,ZNF830
918,0.973220793,NP_443130,NP_443130.1,NM_052898.2,XKR4
919,-1.100271952,NP_443164,NP_443164.2,NM_052932.3,TMEM123
920,-0.902142969,NP_444273,NP_444273.1,NM_053045.2,TMEM203
921,-0.591486767,NP_444278,NP_444278.1,NM_053050.5,MRPL53
922,-1.224279985,NP_510868,NP_510868.1,NM_078468.3,BCCIP
923,-1.377604786,NP_510869,NP_510869.1,NM_078469.3,BCCIP
924,-0.679147574,NP_524147,NP_524147.2,NM_079423.4,MYL6
925,-0.983292201,NP_542160,NP_542160.1,NM_080593.2,H2BC12
926,-0.709754251,NP_542161,NP_542161.1,NM_080594.4,RNPS1
927,2.269696585,NP_542194,NP_542194.2,NM_080627.4,SOGA1
928,-0.720589892,NP_542408,NP_542408.1,NM_080677.3,DYNLL2
929,1.182864336,NP_612145,NP_612145.2,NM_138288.4,SPTSSA
930,-0.951479435,NP_612206,NP_612206.5,NM_138333.5,PABIR1
931,-0.890616447,NP_612367,NP_612367.1,NM_138358.4,TIMM29
932,-1.035282143,NP_612404,NP_612404.1,NM_138395.4,MARS2
933,-1.412457462,NP_612417,NP_612417.1,NM_138408.4,GTF3C6
934,-0.854057068,NP_612435,NP_612435.1,NM_138426.4,GLCCI1
935,-1.040698763,NP_612452,NP_612452.1,NM_138443.4,HAUS1
936,-1.360096767,NP_612453,NP_612453.1,NM_138444.4,KCTD12
937,-0.908715395,NP_612455,NP_612455.1,NM_138446.2,MALSU1
938,-0.61893629,NP_612456,NP_612456.1,NM_138447.3,ZNF689
939,-1.48176546,NP_613075,NP_613075.1,NM_138609.3,MACROH2A1
940,-0.819163168,NP_619541,NP_619541.1,NM_138635.3,H2AZ2
941,-0.854705627,NP_619634,NP_619634.1,NM_138689.3,PPP1R14B
942,-0.58453445,NP_620175,NP_620175.1,NM_138820.4,HIGD2A
943,-0.683325144,NP_624311,NP_624311.1,NM_139126.4,PPIL4
944,1.195709839,NP_640335,NP_640335.2,NM_139242.4,MTFMT
945,-1.276551922,NP_644810,NP_644810.2,NM_139281.3,WDR36
946,-0.910215196,NP_653183,NP_653183.2,NM_144582.3,TEX261
947,2.689975012,NP_653212,NP_653212.1,NM_144611.4,CYB5D2
948,-0.935686469,NP_653324,NP_653324.1,NM_144723.3,ZMAT2
949,-0.826493792,NP_658985,NP_658985.2,NM_144772.3,NAXE
950,-0.826493792,NP_658985,NP_658985.2-2,NM_144772.3-2,
951,-0.976768383,NP_659486,NP_659486.2,NM_145049.5,UBLCP1
952,-0.987215923,NP_660150,NP_660150.1,NM_145167.3,PIGM
953,-1.108672109,NP_660152,NP_660152.1,NM_145169.3,SFT2D1
954,-0.836234906,NP_660213,NP_660213.1,NM_145212.4,MRPL30
955,-1.232441737,NP_660286,NP_660286.1,NM_145243.5,OMA1
956,1.106229568,NP_660308,NP_660308.1,NM_145265.3,CCDC127
957,-0.785762946,NP_665805,NP_665805.2,NM_145806.4,ZNF511
958,-1.332755748,NP_666500,NP_666500.1,NM_146388.2,MRPL4
959,1.952570967,NP_683684,NP_683684.2,NM_148886.2,MIEF2
960,1.143403798,NP_683701,NP_683701.2,NM_148903.3,GREB1
961,1.278031983,NP_689476,NP_689476.2,NM_152263.4,TPM3
962,-0.80423556,NP_689521,NP_689521.1,NM_152308.3,RMI2
963,1.763219067,NP_689575,NP_689575.2,NM_152362.3,TNFAIP8L1
964,2.460745066,NP_689700,NP_689700.1,NM_152487.3,TLCD4
965,-1.711200028,NP_689753,NP_689753.2,NM_152540.4,SCFD2
966,-1.744302128,NP_689850,NP_689850.2,NM_152637.3,METTL7B
967,0.766107135,NP_689893,NP_689893.1,NM_152680.3,TMEM154
968,-0.987892081,NP_689942,NP_689942.2,NM_152729.3,NT5DC1
969,-1.459630561,NP_689952,NP_689952.1,NM_152739.4,HOXA9
970,-0.608855998,NP_689979,NP_689979.1,NM_152766.5,TMEM256
971,-0.859881455,NP_694964,NP_694964.3,NM_153232.4,EID2
972,-0.850165482,NP_714924,NP_714924.1,NM_153713.3,LIX1L
973,-0.902787548,NP_722517,NP_722517.3,NM_153810.5,CACUL1
974,-0.550830028,NP_733751,NP_733751.2,NM_170606.3,KMT2C
975,-0.892675851,NP_734467,NP_734467.1,NM_170746.4,SELENOH
976,-0.833464034,NP_775837,NP_775837.2,NM_173566.3,PRR14L
977,-0.896084096,NP_775873,NP_775873.2,NM_173602.3,DIP2B
978,-0.699318365,NP_776190,NP_776190.1,NM_173829.4,SREK1IP1
979,-0.625952245,NP_776251,NP_776251.2,NM_173852.4,KRTCAP2
980,-0.858580046,NP_777549,NP_777549.1,NM_174889.5,NDUFAF2
981,-1.057011781,NP_777569,NP_777569.1,NM_174909.5,TMEM167A
982,-0.855605624,NP_778236,NP_778236.2,NM_175066.4,DDX51
983,-0.855605624,NP_778236,NP_778236.2-2,NM_175066.4-2,
984,-0.727086794,NP_780294,NP_780294.1,NM_175085.3,GART
985,-0.709616229,NP_783313,NP_783313.1,NM_175614.5,NDUFA11
986,-1.095805457,NP_795361,NP_795361.1,NM_176880.6,NR2C2AP
987,-0.670721182,NP_817092,NP_817092.1,NM_177983.3,PPM1G
988,1.738135023,NP_821066,NP_821066.1,NM_177999.3,ASB6
989,-1.28399169,NP_848602,NP_848602.1,NM_178507.4,OAF
990,-0.893981349,NP_848652,NP_848652.2,NM_178557.4,NAT8L
991,-1.295404879,NP_859052,NP_859052.3,NM_181701.4,QSOX2
992,-0.81224077,NP_859067,NP_859067.2,NM_181716.3,CENPV
993,0.817484146,NP_861441,NP_861441.2,NM_181776.3,SLC36A2
994,0.920667555,NP_872312,NP_872312.2,NM_182506.3,MAGEB10
995,-0.639814702,NP_874364,NP_874364.1,NM_182705.3,RFLNB
996,1.775831915,NP_899060,NP_899060.1,NM_183237.3,RNF7
997,-0.914672653,NP_899064,NP_899064.1,NM_183241.3,PAXX
998,1.51750244,NP_919340,NP_919340.1,NM_194359.2,RNF41
999,-0.777567145,NP_932343,NP_932343.1,NM_198077.4,C1orf52
1000,-0.732442701,NP_940869,NP_940869.2,NM_198467.3,RSBN1L
1001,-0.751262456,NP_940965,NP_940965.1,NM_198563.5,STIMATE
1002,-1.16524281,NP_945327,NP_945327.3,NM_198976.4,NELFCD
1003,-0.868810612,NP_976043,NP_976043.1,NM_203298.3,CHCHD1
1004,-1.032602963,NP_982287,NP_982287.1,NM_203462.3,MRFAP1L1
1005,-0.60853943,NP_997001,NP_997001.1,NM_207118.3,GTF2H5
1006,-0.870255897,NP_997229,NP_997229.2,NM_207346.3,TSEN54
1007,-1.068293035,NP_998731,NP_998731.1,NM_213566.2,DFFA
1008,1.224189648,NP_999876,NP_999876.2,NM_214711.4,PRR27
1009,1.224189648,NP_999876,NP_999876.2-2,NM_214711.4-2,
1010,2.765378253,XP_005246393,XP_005246393.1,XM_005246336.4,METTL21A
1011,1.658726378,XP_005246449,XP_005246449.1,XM_005246392.5,PLA2R1
1012,1.40151703,XP_005251560,XP_005251560.1,XM_005251503.6,SMU1
1013,1.12099018,XP_005252153,XP_005252153.1,XM_005252096.5,LRRC8A
1014,1.746058608,XP_005254215,XP_005254215.2,XM_005254158.6,MTFMT
1015,1.835146204,XP_005256481,XP_005256481.1,XM_005256424.3,KIF1C
1016,1.394844238,XP_005258733,XP_005258733.1,XM_005258676.4,ZC3H4
1017,2.242214495,XP_005259385,XP_005259385.1,XM_005259328.6,ZNF527
1018,2.0786372,XP_005259386,XP_005259386.1,XM_005259329.5,ZNF527
1019,-1.017851715,XP_005263977,XP_005263977.1,XM_005263920.4,RNF149
1020,1.621502227,XP_005264464,XP_005264464.1,XM_005264407.4,FBXO48
1021,0.620954768,XP_005265713,XP_005265713.1,XM_005265656.4,RUFY3
1022,2.131067317,XP_005266501,XP_005266501.1,XM_005266444.4,GPALPP1
1023,1.594918514,XP_005267375,XP_005267375.1,XM_005267318.5,CLBA1
1024,0.939713307,XP_005268522,XP_005268522.1,XM_005268465.5,PFDN1
1025,2.068319471,XP_005272986,XP_005272986.1,XM_005272929.4,CD160
1026,1.933409951,XP_006712390,XP_006712390.1,XM_006712327.4,METTL21A
1027,2.065650619,XP_006712882,XP_006712882.1,XM_006712819.4,B3GALT1
1028,0.536029956,XP_006717091,XP_006717091.1,XM_006717028.4,SLC44A1
1029,1.041430126,XP_006720617,XP_006720617.1,XM_006720554.5,HDGFL3
1030,1.562424077,XP_006723077,XP_006723077.1,XM_006723014.5,WTIP
1031,0.902211113,XP_006723466,XP_006723466.1,XM_006723403.5,OPA3
1032,0.82227974,XP_006723896,XP_006723896.1,XM_006723833.5,JPH2
1033,-1.471091702,XP_006724776,XP_006724776.1,XM_006724713.4,IRS4
1034,1.569687399,XP_011507406,XP_011507406.1,XM_011509104.3,CD160
1035,1.966404759,XP_011508533,XP_011508533.1,XM_011510231.3,KIF14
1036,1.768415558,XP_011509026,XP_011509026.1,XM_011510724.3,METTL21A
1037,1.806932475,XP_011509027,XP_011509027.1,XM_011510725.3,METTL21A
1038,2.490812757,XP_011509122,XP_011509122.1,XM_011510820.4,PLA2R1
1039,0.956948721,XP_011509136,XP_011509136.2,XM_011510834.2,PASK
1040,1.219592188,XP_011509411,XP_011509411.1,XM_011511109.3,SH3RF3
1041,-1.028580405,XP_011510734,XP_011510734.1,XM_011512432.3,COL6A6
1042,-0.73381239,XP_011511369,XP_011511369.1,XM_011513067.4,BDH1
1043,1.498629286,XP_011512764,XP_011512764.1,XM_011514462.4,ZNF451
1044,1.995324886,XP_011512770,XP_011512770.1,XM_011514468.4,GCNT2
1045,-1.398654511,XP_011513272,XP_011513272.1,XM_011514970.4,PRPF4B
1046,-1.064080601,XP_011514947,XP_011514947.1,XM_011516645.4,SLC35B4
1047,1.331071678,XP_011515246,XP_011515246.2,XM_011516944.3,ZC3H3
1048,2.212460268,XP_011515350,XP_011515350.1,XM_011517048.3,TONSL
1049,2.594938937,XP_011515351,XP_011515351.1,XM_011517049.3,TONSL
1050,-1.078200808,XP_011515609,XP_011515609.1,XM_011517307.4,GRHL2
1051,1.037313373,XP_011516709,XP_011516709.1,XM_011518407.2,SETX
1052,1.024515362,XP_011517250,XP_011517250.1,XM_011518948.3,TGFBR1
1053,2.099259374,XP_011517810,XP_011517810.1,XM_011519508.2,MYO3A
1054,-1.649102088,XP_011517922,XP_011517922.1,XM_011519620.4,DCLRE1C
1055,2.07810986,XP_011518444,XP_011518444.2,XM_011520142.3,SLC22A18
1056,0.911858787,XP_011522797,XP_011522797.1,XM_011524495.4,SLC39A11
1057,-1.787387555,XP_011523029,XP_011523029.1,XM_011524727.4,HOXB6
1058,1.471786932,XP_011523264,XP_011523264.1,XM_011524962.3,C17orf80
1059,1.373589087,XP_011526658,XP_011526658.1,XM_011528356.3,MRI1
1060,3.242046288,XP_011528453,XP_011528453.1,XM_011530151.3,RSPH14
1061,1.456081281,XP_011528510,XP_011528510.1,XM_011530208.3,DRICH1
1062,1.431652873,XP_011528511,XP_011528511.1,XM_011530209.3,DRICH1
1063,1.091090876,XP_011528688,XP_011528688.1,XM_011530386.3,BAIAP2L2
1064,1.726593749,XP_011531912,XP_011531912.1,XM_011533610.4,ZNF621
1065,2.059567271,XP_011533444,XP_011533444.1,XM_011535142.4,PSPC1
1066,1.070665936,XP_011533665,XP_011533665.1,XM_011535363.4,DOC2B
1067,-0.98722492,XP_011533887,XP_011533887.1,XM_011535585.3,TBC1D32
1068,1.614682563,XP_011534173,XP_011534173.1,XM_011535871.3,TFB1M
1069,1.280355238,XP_011534174,XP_011534174.1,XM_011535872.3,TFB1M
1070,1.970005557,XP_011535096,XP_011535096.1,XM_011536794.3,MAP3K9
1071,1.571061539,XP_011535118,XP_011535118.1,XM_011536816.4,FCF1
1072,2.091192769,XP_011539360,XP_011539360.1,XM_011541058.4,WDTC1
1073,1.470942715,XP_011539490,XP_011539490.1,XM_011541188.4,MCOLN2
1074,5.248235011,XP_011542375,XP_011542375.1,XM_011544073.3,DNAH14
1075,3.822860357,XP_011542811,XP_011542811.1,XM_011544509.3,GTF2E2
1076,1.535933082,XP_011543043,XP_011543043.1,XM_011544741.2,PLAAT3
1077,0.781960525,XP_016856855,XP_016856855.1,XM_017001366.3,NFYC
1078,-0.580523426,XP_016858594,XP_016858594.1,XM_017003105.3,LIMS4
1079,2.694126815,XP_016859843,XP_016859843.1,XM_017004354.3,PPIL3
1080,1.880544531,XP_016859844,XP_016859844.1,XM_017004355.3,PPIL3
1081,2.754071928,XP_016859845,XP_016859845.1,XM_017004356.3,PPIL3
1082,0.579751757,XP_016861563,XP_016861563.1,XM_017006074.3,NAALADL2
1083,1.35403913,XP_016861691,XP_016861691.1,XM_017006202.3,SLC9A9
1084,1.407540415,XP_016863982,XP_016863982.1,XM_017008493.3,UVSSA
1085,1.469213609,XP_016864079,XP_016864079.1,XM_017008590.3,RELL1
1086,1.4320083,XP_016864180,XP_016864180.1,XM_017008691.3,SLC10A7
1087,0.842809895,XP_016864862,XP_016864862.1,XM_017009373.2,KIAA0825
1088,1.9677944,XP_016864960,XP_016864960.1,XM_017009471.3,ARSB
1089,-0.657932231,XP_016867287,XP_016867287.1,XM_017011798.3,PKD1L1
1090,1.336777178,XP_016867486,XP_016867486.1,XM_017011997.2,GLI3
1091,0.779459271,XP_016869783,XP_016869783.1,XM_017014294.2,RNF38
1092,1.504646784,XP_016870424,XP_016870424.1,XM_017014935.2,RIC1
1093,2.239111995,XP_016871316,XP_016871316.1,XM_017015827.3,VSTM4
1094,1.290572481,XP_016872400,XP_016872400.1,XM_017016911.3,LGI1
1095,1.957866758,XP_016872709,XP_016872709.1,XM_017017220.2,CPT1A
1096,1.989381635,XP_016874049,XP_016874049.1,XM_017018560.3,INTS4
1097,1.769744912,XP_016874787,XP_016874787.1,XM_017019298.2,FIGNL2
1098,2.476885454,XP_016874796,XP_016874796.1,XM_017019307.2,MMP17
1099,0.983074156,XP_016875809,XP_016875809.1,XM_017020320.3,ABCC4
1100,2.572425454,XP_016876136,XP_016876136.1,XM_017020647.2,DCUN1D2
1101,1.920302853,XP_016876235,XP_016876235.1,XM_017020746.3,NAA16
1102,2.417922079,XP_016877626,XP_016877626.1,XM_017022137.2,IGF1R
1103,0.908504983,XP_016878321,XP_016878321.1,XM_017022832.3,NUBP2
1104,1.30515131,XP_016878356,XP_016878356.1,XM_017022867.2,EMC8
1105,0.656296768,XP_016878986,XP_016878986.1,XM_017023497.3,USP31
1106,1.655922145,XP_016879637,XP_016879637.1,XM_017024148.2,MSI2
1107,2.350830588,XP_016879679,XP_016879679.1,XM_017024190.2,MIEF2
1108,1.03168193,XP_016880125,XP_016880125.1,XM_017024636.3,GRAPL
1109,1.071990809,XP_016881788,XP_016881788.1,XM_017026299.3,SPACA6
1110,1.769433712,XP_016882869,XP_016882869.1,XM_017027380.2,ZNF527
1111,1.726733846,XP_016882870,XP_016882870.1,XM_017027381.2,ZNF527
1112,0.795524622,XP_016884235,XP_016884235.1,XM_017028746.3,TBC1D22A
1113,0.709896583,XP_016884411,XP_016884411.1,XM_017028922.3,SREBF2
1114,0.992572581,XP_016884826,XP_016884826.1,XM_017029337.2,EDA
1115,1.239125714,XP_024302594,XP_024302594.1,XM_024446826.2,VPS50
1116,1.33901153,XP_024304631,XP_024304631.1,XM_024448863.2,TMTC2
1117,4.039881973,XP_024304946,XP_024304946.1,XM_024449178.2,VDR
1118,1.075840773,XP_024305184,XP_024305184.2,XM_024449416.2,TDRD3
1119,4.005224884,XP_024308490,XP_024308490.1,XM_024452722.2,METTL21A
1120,2.736966399,XP_024308812,XP_024308812.1,XM_024453044.2,CCDC163
1121,2.29405011,XP_024308813,XP_024308813.1,XM_024453045.2,CCDC163
1122,2.281586181,XP_024309119,XP_024309119.1,XM_024453351.2,GLYCTK
1123,1.965482753,XP_024309120,XP_024309120.1,XM_024453352.2,GLYCTK
1124,1.630067364,XP_024309667,XP_024309667.1,XM_024453899.2,CTBP1
1125,1.250580333,XP_047271971,XP_047271971.1,XM_047416015.1,
1126,1.54225695,XP_047272425,XP_047272425.1,XM_047416469.1,
1127,-0.782554376,XP_047273342,XP_047273342.1,XM_047417386.1,
1128,0.923979914,XP_047273404,XP_047273404.1,XM_047417448.1,
1129,-0.768281167,XP_047273767,XP_047273767.1,XM_047417811.1,
1130,1.366064821,XP_047273893,XP_047273893.1,XM_047417937.1,
1131,4.420531495,XP_047274162,XP_047274162.1,XM_047418206.1,
1132,2.505873236,XP_047274163,XP_047274163.1,XM_047418207.1,
1133,-0.880154258,XP_047274264,XP_047274264.1,XM_047418308.1,
1134,0.931648638,XP_047274566,XP_047274566.1,XM_047418610.1,
1135,1.295007366,XP_047274648,XP_047274648.1,XM_047418692.1,
1136,0.883863358,XP_047274670,XP_047274670.1,XM_047418714.1,
1137,-0.819662783,XP_047275141,XP_047275141.1,XM_047419185.1,
1138,-0.753264839,XP_047275167,XP_047275167.1,XM_047419211.1,
1139,2.189037056,XP_047275631,XP_047275631.1,XM_047419675.1,
1140,1.01238963,XP_047275978,XP_047275978.1,XM_047420022.1,
1141,2.190936016,XP_047276048,XP_047276048.1,XM_047420092.1,
1142,1.448710602,XP_047276282,XP_047276282.1,XM_047420326.1,
1143,1.355045525,XP_047276300,XP_047276300.1,XM_047420344.1,
1144,-0.855196853,XP_047276637,XP_047276637.1,XM_047420681.1,
1145,-1.747229136,XP_047277007,XP_047277007.1,XM_047421051.1,
1146,1.101529157,XP_047277119,XP_047277119.1,XM_047421163.1,
1147,1.476495055,XP_047277153,XP_047277153.1,XM_047421197.1,
1148,2.227957722,XP_047277363,XP_047277363.1,XM_047421407.1,
1149,1.702246971,XP_047277545,XP_047277545.1,XM_047421589.1,
1150,0.613215425,XP_047279196,XP_047279196.1,XM_047423240.1,
1151,-1.130770598,XP_047279495,XP_047279495.1,XM_047423539.1,
1152,0.826312738,XP_047279539,XP_047279539.1,XM_047423583.1,
1153,1.791355026,XP_047280365,XP_047280365.1,XM_047424409.1,
1154,-1.206215607,XP_047280798,XP_047280798.1,XM_047424842.1,
1155,1.471815625,XP_047281197,XP_047281197.1,XM_047425241.1,
1156,1.801994846,XP_047281742,XP_047281742.1,XM_047425786.1,
1157,1.718268491,XP_047282316,XP_047282316.1,XM_047426360.1,
1158,1.915751092,XP_047282319,XP_047282319.1,XM_047426363.1,
1159,1.784580655,XP_047282332,XP_047282332.1,XM_047426376.1,
1160,1.177289139,XP_047282377,XP_047282377.1,XM_047426421.1,
1161,1.924126515,XP_047282511,XP_047282511.1,XM_047426555.1,
1162,2.054064316,XP_047283588,XP_047283588.1,XM_047427632.1,
1163,0.955117889,XP_047283664,XP_047283664.1,XM_047427708.1,
1164,3.356111241,XP_047283671,XP_047283671.1,XM_047427715.1,
1165,0.729286641,XP_047284696,XP_047284696.1,XM_047428740.1,
1166,0.864410952,XP_047284880,XP_047284880.1,XM_047428924.1,
1167,2.284613294,XP_047285456,XP_047285456.1,XM_047429500.1,
1168,2.114751284,XP_047285850,XP_047285850.1,XM_047429894.1,
1169,0.776556563,XP_047285852,XP_047285852.1,XM_047429896.1,
1170,0.849954543,XP_047285946,XP_047285946.1,XM_047429990.1,
1171,1.365682327,XP_047286745,XP_047286745.1,XM_047430789.1,
1172,2.016776572,XP_047286750,XP_047286750.1,XM_047430794.1,
1173,1.519076745,XP_047286758,XP_047286758.1,XM_047430802.1,
1174,-1.154164535,XP_047286802,XP_047286802.1,XM_047430846.1,
1175,1.630181549,XP_047287134,XP_047287134.1,XM_047431178.1,
1176,3.266173828,XP_047287501,XP_047287501.1,XM_047431545.1,
1177,2.42344343,XP_047287729,XP_047287729.1,XM_047431773.1,
1178,1.825242142,XP_047287998,XP_047287998.1,XM_047432042.1,
1179,1.892142371,XP_047288421,XP_047288421.1,XM_047432465.1,
1180,1.035363535,XP_047289318,XP_047289318.1,XM_047433362.1,
1181,-0.702877588,XP_047289582,XP_047289582.1,XM_047433626.1,
1182,1.138400131,XP_047289610,XP_047289610.1,XM_047433654.1,
1183,1.643959448,XP_047289641,XP_047289641.1,XM_047433685.1,
1184,1.588482655,XP_047289643,XP_047289643.1,XM_047433687.1,
1185,1.316720702,XP_047289644,XP_047289644.1,XM_047433688.1,
1186,1.872670287,XP_047289773,XP_047289773.1,XM_047433817.1,
1187,1.017506753,XP_047290316,XP_047290316.1,XM_047434360.1,
1188,1.044706788,XP_047290530,XP_047290530.1,XM_047434574.1,
1189,1.925315448,XP_047290558,XP_047290558.1,XM_047434602.1,
1190,1.323483127,XP_047290559,XP_047290559.1,XM_047434603.1,
1191,-1.932437086,XP_047290893,XP_047290893.1,XM_047434937.1,
1192,2.993986166,XP_047290968,XP_047290968.1,XM_047435012.1,
1193,2.152994145,XP_047291002,XP_047291002.1,XM_047435046.1,
1194,1.381978053,XP_047291128,XP_047291128.1,XM_047435172.1,
1195,1.270054062,XP_047291391,XP_047291391.1,XM_047435435.1,
1196,1.060261505,XP_047291919,XP_047291919.1,XM_047435963.1,
1197,-1.011307682,XP_047292102,XP_047292102.1,XM_047436146.1,
1198,2.116508344,XP_047292137,XP_047292137.1,XM_047436181.1,
1199,1.893572783,XP_047292140,XP_047292140.1,XM_047436184.1,
1200,1.628282436,XP_047292153,XP_047292153.1,XM_047436197.1,
1201,0.676762423,XP_047292691,XP_047292691.1,XM_047436735.1,
1202,1.707520018,XP_047293072,XP_047293072.1,XM_047437116.1,
1203,0.985024012,XP_047293210,XP_047293210.1,XM_047437254.1,
1204,2.922415126,XP_047293220,XP_047293220.1,XM_047437264.1,
1205,-0.90362607,XP_047293567,XP_047293567.1,XM_047437611.1,
1206,1.344820622,XP_047294119,XP_047294119.1,XM_047438163.1,
1207,1.653696202,XP_047294125,XP_047294125.1,XM_047438169.1,
1208,1.494668158,XP_047294852,XP_047294852.1,XM_047438896.1,
1209,1.809757173,XP_047295027,XP_047295027.1,XM_047439071.1,
1210,2.669992873,XP_047295028,XP_047295028.1,XM_047439072.1,
1211,2.258097417,XP_047295030,XP_047295030.1,XM_047439074.1,
1212,2.374571125,XP_047295031,XP_047295031.1,XM_047439075.1,
1213,2.889811916,XP_047295033,XP_047295033.1,XM_047439077.1,
1214,1.527209813,XP_047295417,XP_047295417.1,XM_047439461.1,
1215,1.329302182,XP_047295707,XP_047295707.1,XM_047439751.1,
1216,2.228101232,XP_047296274,XP_047296274.1,XM_047440318.1,
1217,-0.767686021,XP_047297470,XP_047297470.1,XM_047441514.1,
1218,-1.17847284,XP_047297813,XP_047297813.1,XM_047441857.1,
1219,2.110391293,XP_047298140,XP_047298140.1,XM_047442184.1,
1220,2.068861237,XP_047298205,XP_047298205.1,XM_047442249.1,
1221,1.921094972,XP_047298920,XP_047298920.1,XM_047442964.1,
1222,-0.765367336,XP_047299272,XP_047299272.1,XM_047443316.1,
1223,1.918186924,XP_047299686,XP_047299686.1,XM_047443730.1,
1224,2.752969858,XP_047300551,XP_047300551.1,XM_047444595.1,
1225,0.638725483,XP_047301154,XP_047301154.1,XM_047445198.1,
1226,1.514717228,XP_047301922,XP_047301922.1,XM_047445966.1,
1227,1.870772566,XP_047301927,XP_047301927.1,XM_047445971.1,
1228,1.80393083,XP_047301976,XP_047301976.1,XM_047446020.1,
1229,0.693181783,XP_047302115,XP_047302115.1,XM_047446159.1,
1230,2.324346376,XP_047302116,XP_047302116.1,XM_047446160.1,
1231,0.868730056,XP_047303249,XP_047303249.1,XM_047447293.1,
1232,-0.99086579,XP_047303406,XP_047303406.1,XM_047447450.1,
1233,2.283714288,XP_047303421,XP_047303421.1,XM_047447465.1,
1234,0.864523645,XP_047303855,XP_047303855.1,XM_047447899.1,
1235,1.261874941,XP_047303984,XP_047303984.1,XM_047448028.1,
1236,0.774467583,XP_047304789,XP_047304789.1,XM_047448833.1,
1237,1.151173263,XP_047304894,XP_047304894.1,XM_047448938.1,
1238,-0.559324518,XP_047305149,XP_047305149.1,XM_047449193.1,
1239,1.228002587,XP_047305381,XP_047305381.1,XM_047449425.1,
1240,3.00067742,XP_047305484,XP_047305484.1,XM_047449528.1,
1241,1.353130257,XP_054185553,XP_054185553.1,XM_054329578.1,
1242,-0.857706255,XP_054185557,XP_054185557.1,XM_054329582.1,
1243,-0.922868339,XP_054186320,XP_054186320.1,XM_054330345.1,
1244,-1.243915762,XP_054186836,XP_054186836.1,XM_054330861.1,
1245,-0.515748447,XP_054187987,XP_054187987.1,XM_054332012.1,
1246,-1.138881936,XP_054188148,XP_054188148.1,XM_054332173.1,
1247,-0.670976468,XP_054188449,XP_054188449.1,XM_054332474.1,
1248,1.298169442,XP_054188984,XP_054188984.1,XM_054333009.1,
1249,-0.91807285,XP_054189276,XP_054189276.1,XM_054333301.1,