,lfc_NLSFlag,REFSEQ_new,REFSEQ,ISO
1,-1.24920503259112,NP_000091,NP_000091.1,NM_000100.4
2,-1.1560152000666,NP_000095,NP_000095.2,NM_000104.4
3,-1.24411478484915,NP_000134,NP_000134.2,NM_000143.4
4,-1.759494454879,NP_000150,NP_000150.1,NM_000159.4
5,-1.69718874864258,NP_000156,NP_000156.1,NM_000165.5
6,-0.671917814310555,NP_000161,NP_000161.2,NM_000170.3
7,-1.16117731218807,NP_000185,NP_000185.1,NM_000194.3
8,-0.794077928867295,NP_000285,NP_000285.1,NM_000294.3
9,-1.02494333150025,NP_000308,NP_000308.1,NM_000317.3
10,-1.07394969274709,NP_000364,NP_000364.1,NM_000373.4
11,2.91664870620287,NP_000367,NP_000367.1,NM_000376.3
12,-0.8302024075144,NP_000377,NP_000377.1,NM_000386.4
13,-1.3640601085397,NP_000513,NP_000513.2,NM_000522.5
14,1.25332688208762,NP_000516,NP_000516.3,NM_000525.4
15,0.840086861617317,NP_000545,NP_000545.1,NM_000554.6
16,-1.14247077570547,NP_000662,NP_000662.3,NM_000671.4
17,-1.01347729410249,NP_000840,NP_000840.2,NM_000849.5
18,-0.745030418971251,NP_000843,NP_000843.1,NM_000852.4
19,-0.8453888648328,NP_000867,NP_000867.3,NM_000876.4
20,0.672068587817767,NP_000902,NP_000902.3,NM_000911.4
21,-0.589081033819421,NP_000928,NP_000928.1,NM_000937.5
22,-1.71498952991405,NP_000934,NP_000934.1,NM_000943.5
23,-0.864914285992294,NP_000992,NP_000992.1,NM_001001.5
24,-1.01047259968902,NP_001001790,NP_001001790.1,NM_001001790.3
25,-0.902911290732441,NP_001002926,NP_001002926.1,NM_001002926.2
26,-1.26472216806032,NP_001003684,NP_001003684.1,NM_001003684.2
27,-0.74556713869672,NP_001004333,NP_001004333.3,NM_001004333.5
28,1.0801324737956,NP_001004456,NP_001004456.1,NM_001004456.2
29,0.492251694369357,NP_001004466,NP_001004466.1,NM_001004466.2
30,1.43420468762213,NP_001004490,NP_001004490.1,NM_001004490.2
31,1.03310139825002,NP_001004492,NP_001004492.1,NM_001004492.2
32,-0.952307939645472,NP_001004689,NP_001004689.1,NM_001004689.2
33,1.17776546292039,NP_001005465,NP_001005465.1,NM_001005465.2
34,2.38552199762975,NP_001005493,NP_001005493.1,NM_001005493.2
35,-1.20947663543962,NP_001007539,NP_001007539.1,NM_001007538.2
36,-0.985322848668165,NP_001010858,NP_001010858.2,NM_001010858.3
37,-0.985322848668165,NP_001010858,NP_001010858.2-2,NM_001010858.3-2
38,-1.15866881782076,NP_001010866,NP_001010866.1,NM_001010866.4
39,1.54473703938053,NP_001010891,NP_001010891.4,NM_001010891.5
40,-1.13336030760683,NP_001013685,NP_001013685.1,NM_001013663.2
41,4.06622050503976,NP_001014305,NP_001014305.1,NM_001014283.2
42,-1.16588379586123,NP_001017,NP_001017.1,NM_001026.5
43,4.17707983032426,NP_001017535,NP_001017535.1,NM_001017535.2
44,2.36419976879959,NP_001017536,NP_001017536.1,NM_001017536.2
45,-0.869720731867831,NP_001019,NP_001019.1,NM_001028.3
46,-0.869720731867831,NP_001019,NP_001019.1-2,NM_001028.3-2
47,-0.903914236786333,NP_001020,NP_001020.2,NM_001029.5
48,-1.2201967904809,NP_001020262,NP_001020262.1,NM_001025091.2
49,-1.2201967904809,NP_001020262,NP_001020262.1-2,NM_001025091.2-2
50,-1.2201967904809,NP_001020262,NP_001020262.1-4,NM_001025091.2-4
51,-1.2201967904809,NP_001020262,NP_001020262.1-6,NM_001025091.2-6
52,-1.2201967904809,NP_001020262,NP_001020262.1-7,NM_001025091.2-7
53,-0.881364854572309,NP_001020418,NP_001020418.1,NM_001025247.2
54,-0.949650247803303,NP_001025189,NP_001025189.1,NM_001030018.2
55,0.868555514439429,NP_001025231,NP_001025231.1,NM_001030060.3
56,1.809291618893,NP_001026916,NP_001026916.2,NM_001031746.5
57,-1.62560431693215,NP_001026974,NP_001026974.1,NM_001031804.3
58,1.06786237073106,NP_001034933,NP_001034933.1,NM_001039844.3
59,-1.17012018952248,NP_001035521,NP_001035521.1,NM_001040431.3
60,-0.762331901841897,NP_001035830,NP_001035830.1,NM_001042371.3
61,-0.84614962846691,NP_001036068,NP_001036068.1,NM_001042603.3
62,-0.955470701877368,NP_001041714,NP_001041714.1,NM_001048249.4
63,-0.757213449547974,NP_001061,NP_001061.2,NM_001070.5
64,-0.91271670096627,NP_001065243,NP_001065243.1,NM_001071775.3
65,2.24508272401764,NP_001070664,NP_001070664.1,NM_001077196.2
66,2.50771822461239,NP_001070665,NP_001070665.1,NM_001077197.2
67,2.15809671502064,NP_001070826,NP_001070826.1,NM_001077358.2
68,-0.974187808308904,NP_001070867,NP_001070867.1,NM_001077399.3
69,-1.25490244096624,NP_001071639,NP_001071639.1,NM_001078171.2
70,-1.0200111806989,NP_001071641,NP_001071641.1,NM_001078173.2
71,1.72680008721999,NP_001073583,NP_001073583.1,NM_001080114.2
72,-0.830892753818374,NP_001073970,NP_001073970.1,NM_001080501.3
73,1.43136991988868,NP_001078869,NP_001078869.1,NM_001085400.2
74,-0.946601011565028,NP_001087194,NP_001087194.1,NM_001093725.2
75,-1.00035470400789,NP_001092,NP_001092.1,NM_001101.5
76,1.39643276414388,NP_001092314,NP_001092314.1,NM_001098844.3
77,-1.23176615930373,NP_001093163,NP_001093163.1,NM_001099693.2
78,-0.905337311074758,NP_001094299,NP_001094299.1,NM_001100829.3
79,1.09842559196873,NP_001096624,NP_001096624.1,NM_001103154.2
80,-0.61550485729733,NP_001099043,NP_001099043.1,NM_001105573.2
81,2.08154032922849,NP_001107605,NP_001107605.1,NM_001114133.3
82,-0.825122915821367,NP_001107875,NP_001107875.1,NM_001114403.3
83,2.52885451804255,NP_001108624,NP_001108624.1,NM_001115152.2
84,-0.863057237458117,NP_001118239,NP_001118239.1,NM_001124767.2
85,1.94570934570043,NP_001122402,NP_001122402.1,NM_001128930.3
86,1.00538849288766,NP_001123544,NP_001123544.1,NM_001130072.2
87,-0.844803825591661,NP_001124401,NP_001124401.1,NM_001130929.2
88,1.22805130684786,NP_001127704,NP_001127704.1,NM_001134232.2
89,2.17302066348471,NP_001127872,NP_001127872.1,NM_001134400.2
90,2.44004388712827,NP_001127875,NP_001127875.1,NM_001134403.2
91,1.1655846420042,NP_001128131,NP_001128131.1,NM_001134659.1
92,-0.93897788835262,NP_001129047,NP_001129047.1,NM_001135575.2
93,-1.16436076744653,NP_001129734,NP_001129734.1,NM_001136262.2
94,-0.814361510615855,NP_001135858,NP_001135858.1,NM_001142386.3
95,2.45654250831911,NP_001136120,NP_001136120.1,NM_001142648.2
96,-1.48747500904155,NP_001138722,NP_001138722.1,NM_001145250.2
97,-0.854989968989243,NP_001138922,NP_001138922.2,NM_001145450.3
98,2.45925987955473,NP_001139423,NP_001139423.1,NM_001145951.2
99,-0.984274725901248,NP_001142,NP_001142.2,NM_001151.4
100,-1.0532327623939,NP_001143,NP_001143.2,NM_001152.5
101,-0.607079453118771,NP_001145,NP_001145.1,NM_001154.4
102,1.35047646154224,NP_001153480,NP_001153480.1,NM_001160008.2
103,-0.867669934095173,NP_001156896,NP_001156896.1,NM_001163424.2
104,-1.14471045165906,NP_001156910,NP_001156910.1,NM_001163438.2
105,1.53441190102091,NP_001157918,NP_001157918.1,NM_001164446.3
106,-0.916037679685899,NP_001158275,NP_001158275.1,NM_001164803.2
107,1.431466769032,NP_001159354,NP_001159354.1,NM_001165882.3
108,1.5533304421517,NP_001164164,NP_001164164.1,NM_001170693.2
109,1.68523460078111,NP_001166284,NP_001166284.1,NM_001172813.2
110,-1.52441148496579,NP_001167460,NP_001167460.1,NM_001173989.4
111,1.35648259232205,NP_001171476,NP_001171476.1,NM_001178005.2
112,1.9361312428577,NP_001171600,NP_001171600.1,NM_001178129.2
113,-0.822952470108366,NP_001171821,NP_001171821.1,NM_001184892.2
114,0.831990334574071,NP_001177962,NP_001177962.1,NM_001191033.2
115,2.78736946722319,NP_001180233,NP_001180233.1,NM_001193304.3
116,-1.32014038004712,NP_001182356,NP_001182356.1,NM_001195427.2
117,2.01070482656862,NP_001182728,NP_001182728.1,NM_001195799.2
118,2.20297644894937,NP_001182732,NP_001182732.1,NM_001195803.2
119,0.97156435541902,NP_001185808,NP_001185808.1,NM_001198879.2
120,1.99168120215154,NP_001186608,NP_001186608.1,NM_001199679.2
121,-1.51341569658792,NP_001186829,NP_001186829.1,NM_001199900.2
122,1.36957409218647,NP_001189163,NP_001189163.1,NM_001202234.2
123,2.04691433701527,NP_001189332,NP_001189332.1,NM_001202403.2
124,0.594585730083713,NP_001191128,NP_001191128.1,NM_001204199.2
125,-1.42974393394621,NP_001193570,NP_001193570.2,NM_001206641.3
126,-1.2565490501931,NP_001193668,NP_001193668.1,NM_001206739.2
127,2.22297153640693,NP_001193900,NP_001193900.1,NM_001206971.3
128,-0.851218006020468,NP_001197,NP_001197.1,NM_001206.4
129,-1.18540002038099,NP_001203,NP_001203.1,NM_001212.4
130,-0.968733645291368,NP_001228,NP_001228.2,NM_001237.5
131,2.14429091898887,NP_001238935,NP_001238935.1,NM_001252006.1
132,0.705952639627813,NP_001244089,NP_001244089.1,NM_001257160.2
133,-0.830489670024787,NP_001244119,NP_001244119.1,NM_001257190.3
134,-1.21171976262444,NP_001244299,NP_001244299.1,NM_001257370.2
135,1.94239568558718,NP_001244954,NP_001244954.1,NM_001258025.2
136,1.48806892228893,NP_001245240,NP_001245240.1,NM_001258311.2
137,-0.643731025731884,NP_001246,NP_001246.2,NM_001255.3
138,2.5607700584934,NP_001255213,NP_001255213.1,NM_001268284.3
139,3.20571858657777,NP_001257322,NP_001257322.1,NM_001270393.2
140,2.37858617600845,NP_001257335,NP_001257335.1,NM_001270406.2
141,1.581316663817,NP_001258766,NP_001258766.1,NM_001271837.2
142,2.39229617770311,NP_001258781,NP_001258781.1,NM_001271852.3
143,-0.932899119241245,NP_001268226,NP_001268226.1,NM_001281297.2
144,2.31679962574521,NP_001268361,NP_001268361.1,NM_001281432.2
145,2.31679962574521,NP_001268361,NP_001268361.1-2,NM_001281432.2-2
146,2.30814209467803,NP_001269267,NP_001269267.1,NM_001282338.2
147,-0.956945829387253,NP_001269603,NP_001269603.1,NM_001282674.1
148,-1.89334159533676,NP_001271296,NP_001271296.1,NM_001284367.2
149,1.68208301325981,NP_001271430,NP_001271430.1,NM_001284501.2
150,1.36111885054978,NP_001273494,NP_001273494.1,NM_001286565.1
151,-1.47089598974134,NP_001275511,NP_001275511.1,NM_001288582.2
152,1.35230761272164,NP_001275655,NP_001275655.1,NM_001288726.2
153,1.03772215369969,NP_001277935,NP_001277935.1,NM_001291006.2
154,1.6677416486627,NP_001278405,NP_001278405.1,NM_001291476.2
155,1.6677416486627,NP_001278405,NP_001278405.1-2,NM_001291476.2-2
156,0.80854176815952,NP_001278425,NP_001278425.1,NM_001291496.2
157,-1.04952454107851,NP_001287887,NP_001287887.1,NM_001300958.2
158,-1.73300800913318,NP_001287921,NP_001287921.1,NM_001300992.2
159,-1.62497025756705,NP_001289201,NP_001289201.1,NM_001302272.2
160,-1.0571964075336,NP_001300822,NP_001300822.1,NM_001313893.1
161,1.2221981307481,NP_001303848,NP_001303848.1,NM_001316919.1
162,2.3540763954507,NP_001303881,NP_001303881.1,NM_001316952.2
163,2.81616497837076,NP_001304125,NP_001304125.1,NM_001317196.2
164,2.0402027252771,NP_001304960,NP_001304960.1,NM_001318031.2
165,1.21177641879031,NP_001305437,NP_001305437.1,NM_001318508.2
166,1.54652863034161,NP_001305735,NP_001305735.1,NM_001318806.2
167,-0.951147757920493,NP_001305746,NP_001305746.1,NM_001318817.2
168,1.495389976184,NP_001307186,NP_001307186.1,NM_001320257.2
169,-1.78375211849433,NP_001308701,NP_001308701.1,NM_001321772.2
170,2.5603761992564,NP_001308792,NP_001308792.1,NM_001321863.2
171,1.45302320881523,NP_001308846,NP_001308846.1,NM_001321917.2
172,1.35961038871407,NP_001309136,NP_001309136.1,NM_001322207.2
173,1.10989282627826,NP_001309201,NP_001309201.1,NM_001322272.2
174,1.4739037720474,NP_001309956,NP_001309956.1,NM_001323027.2
175,2.16615878824434,NP_001310222,NP_001310222.1,NM_001323293.2
176,2.16615878824434,NP_001310222,NP_001310222.1-2,NM_001323293.2-2
177,1.76707427208384,NP_001310224,NP_001310224.1,NM_001323295.2
178,1.76707427208384,NP_001310224,NP_001310224.1-2,NM_001323295.2-2
179,2.83742692950273,NP_001310225,NP_001310225.1,NM_001323296.2
180,2.83742692950273,NP_001310225,NP_001310225.1-2,NM_001323296.2-2
181,-0.956554114039128,NP_001333445,NP_001333445.1,NM_001346516.2
182,0.866862337529042,NP_001334849,NP_001334849.2,NM_001347920.2
183,-0.766118869401984,NP_001335,NP_001335.1,NM_001344.4
184,2.8218881378378,NP_001335282,NP_001335282.1,NM_001348353.1
185,1.36102654666255,NP_001336782,NP_001336782.1,NM_001349853.2
186,-1.37196623947692,NP_001337091,NP_001337091.1,NM_001350162.2
187,2.04592389644786,NP_001337142,NP_001337142.1,NM_001350213.2
188,1.81014732566989,NP_001337165,NP_001337165.1,NM_001350236.2
189,2.48145371189293,NP_001338661,NP_001338661.1,NM_001351732.2
190,2.48145371189293,NP_001338661,NP_001338661.1-2,NM_001351732.2-2
191,2.4440170187127,NP_001338662,NP_001338662.1,NM_001351733.2
192,2.4440170187127,NP_001338662,NP_001338662.1-2,NM_001351733.2-2
193,-1.75320642630732,NP_001340024,NP_001340024.1,NM_001353095.2
194,2.36422629169101,NP_001340849,NP_001340849.1,NM_001353920.2
195,1.38013836873156,NP_001341531,NP_001341531.2,NM_001354602.2
196,-1.31013757427887,NP_001341969,NP_001341969.1,NM_001355040.2
197,2.41362334615767,NP_001345335,NP_001345335.1,NM_001358406.2
198,2.04985308177924,NP_001345336,NP_001345336.1,NM_001358407.2
199,2.60145114255756,NP_001345628,NP_001345628.1,NM_001358699.2
200,-1.12665468466017,NP_001348,NP_001348.2,NM_001357.5
201,-1.11778537819617,NP_001349,NP_001349.2,NM_001358.3
202,2.41159608386309,NP_001349665,NP_001349665.1,NM_001362736.2
203,2.10964420712217,NP_001349666,NP_001349666.1,NM_001362737.2
204,1.73621609499694,NP_001349667,NP_001349667.1,NM_001362738.2
205,2.43825350483692,NP_001349714,NP_001349714.1,NM_001362785.2
206,-0.985578717892612,NP_001350435,NP_001350435.1,NM_001363506.2
207,1.85282393483064,NP_001350659,NP_001350659.1,NM_001363730.2
208,2.02042868021275,NP_001350747,NP_001350747.1,NM_001363818.2
209,2.94522869759172,NP_001351014,NP_001351014.1,NM_001364085.2
210,1.78859662446209,NP_001351407,NP_001351407.1,NM_001364478.1
211,1.14059993250524,NP_001351611,NP_001351611.1,NM_001364682.1
212,1.56403120646124,NP_001351612,NP_001351612.1,NM_001364683.1
213,1.33040387982348,NP_001354709,NP_001354709.1,NM_001367780.1
214,1.83896415397382,NP_001354993,NP_001354993.1,NM_001368064.1
215,2.0455809247691,NP_001355053,NP_001355053.1,NM_001368124.1
216,-1.20168853820971,NP_001355167,NP_001355167.1,NM_001368238.1
217,-0.776344024967464,NP_001358279,NP_001358279.1,NM_001371350.1
218,2.74052494262373,NP_001358425,NP_001358425.1,NM_001371496.1
219,2.75889019731866,NP_001361590,NP_001361590.1,NM_001374661.1
220,2.65121822470482,NP_001361591,NP_001361591.1,NM_001374662.1
221,1.13256856291967,NP_001362564,NP_001362564.1,NM_001375635.1
222,-1.28906527319002,NP_001369294,NP_001369294.1,NM_001382365.1
223,1.71538225756549,NP_001372982,NP_001372982.1,NM_001386053.1
224,1.58894679574518,NP_001373024,NP_001373024.1,NM_001386095.1
225,1.60104162513135,NP_001373602,NP_001373602.1,NM_001386673.1
226,1.9173977607678,NP_001373740,NP_001373740.1,NM_001386811.1
227,1.16746518643837,NP_001375031,NP_001375031.1,NM_001388102.1
228,0.978821835231962,NP_001375238,NP_001375238.1,NM_001388309.1
229,2.68023496406636,NP_001375327,NP_001375327.1,NM_001388398.1
230,2.2977928236546,NP_001381616,NP_001381616.1,NM_001394687.1
231,2.7977934137911,NP_001381827,NP_001381827.1,NM_001394898.1
232,1.91139985260241,NP_001383337,NP_001383337.1,NM_001396408.1
233,1.01371892386939,NP_001384301,NP_001384301.1,NM_001397372.1
234,-0.82217015727576,NP_001384335,NP_001384335.1,NM_001397406.1
235,1.64409555119092,NP_001387492,NP_001387492.1,NM_001400563.1
236,-0.931560448095022,NP_001393,NP_001393.1,NM_001402.6
237,1.04515425374528,NP_001393761,NP_001393761.1,NM_001406832.1
238,2.64406837266457,NP_001394211,NP_001394211.1,NM_001407282.1
239,2.65606393744773,NP_001394212,NP_001394212.1,NM_001407283.1
240,2.91153647374063,NP_001399131,NP_001399131.1,NM_001412202.1
241,1.451907444327,NP_001400703,NP_001400703.1,NM_001413774.1
242,-1.79557717564007,NP_001401327,NP_001401327.1,NM_001414398.1
243,-1.31880557216413,NP_001403,NP_001403.1,NM_001412.4
244,-0.841136159461627,NP_001404819,NP_001404819.1,NM_001417890.1
245,-0.998466153945788,NP_001405,NP_001405.1,NM_001414.4
246,-0.755796943607303,NP_001406,NP_001406.1,NM_001415.4
247,-0.773793958889631,NP_001418,NP_001418.2,NM_001427.4
248,1.38246334403217,NP_001428,NP_001428.1,NM_001437.3
249,-0.95846172691881,NP_001478,NP_001478.2,NM_001487.4
250,2.2090828284494,NP_001493,NP_001493.2,NM_001502.4
251,0.893887441630823,NP_001518,NP_001518.3,NM_001527.4
252,-0.693578115419548,NP_001528,NP_001528.1,NM_001537.4
253,-0.865956133715428,NP_001537,NP_001537.1,NM_001546.4
254,-0.933898793474686,NP_001559,NP_001559.1,NM_001568.3
255,-1.23896116898052,NP_001609,NP_001609.2,NM_001618.4
256,-0.84522539024367,NP_001653,NP_001653.1,NM_001662.4
257,-0.780532132370461,NP_001654,NP_001654.1,NM_001663.4
258,-0.985649315067657,NP_001670,NP_001670.1,NM_001679.4
259,-0.949650346197716,NP_001677,NP_001677.2,NM_001686.4
260,-1.02398057383787,NP_001679,NP_001679.2,NM_001688.5
261,-0.868425655710572,NP_001686,NP_001686.1,NM_001695.5
262,-0.979347771448781,NP_001688,NP_001688.1,NM_001697.3
263,-0.634003529312361,NP_001713,NP_001713.2,NM_001722.3
264,-1.0931678663416,NP_001743,NP_001743.1,NM_001752.4
265,2.18305854507086,NP_001784,NP_001784.2,NM_001793.6
266,-1.4106659321606,NP_001805,NP_001805.4,NM_001814.6
267,-1.13270539105564,NP_001818,NP_001818.1,NM_001827.3
268,-1.02352587816823,NP_001836,NP_001836.3,NM_001845.6
269,-1.05019141233973,NP_001837,NP_001837.2,NM_001846.4
270,-1.02332309809801,NP_001854,NP_001854.1,NM_001863.5
271,-0.883258186491942,NP_001857,NP_001857.1,NM_001866.3
272,-0.773800211281772,NP_001858,NP_001858.1,NM_001867.3
273,-1.02975715486801,NP_001864,NP_001864.1,NM_001873.4
274,1.81999842845771,NP_001867,NP_001867.2,NM_001876.4
275,-0.801367963915494,NP_001900,NP_001900.1,NM_001909.5
276,-0.888719681095989,NP_001907,NP_001907.3,NM_001916.5
277,-1.31563851734189,NP_001914,NP_001914.3,NM_001923.5
278,-0.778419889156342,NP_001929,NP_001929.1,NM_001938.3
279,1.4354864813192,NP_001955,NP_001955.1,NM_001964.3
280,0.560165161863567,NP_001966,NP_001966.1,NM_001975.3
281,-1.50952322992589,NP_002039,NP_002039.2,NM_002048.3
282,1.0368499289655,NP_002056,NP_002056.2,NM_002065.7
283,-0.819313771869772,NP_002067,NP_002067.1,NM_002076.4
284,-1.08073955358673,NP_002078,NP_002078.1,NM_002087.4
285,-0.943531368482606,NP_002088,NP_002088.2,NM_002097.3
286,-0.953363817906819,NP_002097,NP_002097.1,NM_002106.4
287,-0.839540567516609,NP_002107,NP_002107.3,NM_002116.8
288,-0.839540567516609,NP_002107,NP_002107.3-3,NM_002116.8-3
289,-0.839540567516609,NP_002107,NP_002107.3-4,NM_002116.8-4
290,-0.954065535218257,NP_002130,NP_002130.2,NM_002139.4
291,-0.995248533343692,NP_002138,NP_002138.1,NM_002147.4
292,-1.03438291737436,NP_002139,NP_002139.2,NM_002148.4
293,-0.916411750662844,NP_002145,NP_002145.3,NM_002154.4
294,-1.46081309628053,NP_002148,NP_002148.1,NM_002157.3
295,-1.05036882698443,NP_002284,NP_002284.3,NM_002293.4
296,-1.30910096508051,NP_002285,NP_002285.1,NM_002294.3
297,-0.935020657807063,NP_002347,NP_002347.5,NM_002356.7
298,-0.931517999128948,NP_002349,NP_002349.1,NM_002358.4
299,-1.10511122915726,NP_002361,NP_002361.1,NM_002370.4
300,-1.01677725264982,NP_002386,NP_002386.1,NM_002395.6
301,-0.605955990395042,NP_002430,NP_002430.3,NM_002439.5
302,-0.900737834007047,NP_002439,NP_002439.2,NM_002448.3
303,-0.833159524646888,NP_002464,NP_002464.1,NM_002473.6
304,-0.919182491062916,NP_002480,NP_002480.1,NM_002489.4
305,-0.732184395409041,NP_002481,NP_002481.3,NM_002490.6
306,-0.732184395409041,NP_002481,NP_002481.3-2,NM_002490.6-2
307,-0.732184395409041,NP_002481,NP_002481.3-3,NM_002490.6-3
308,-0.732184395409041,NP_002481,NP_002481.3-5,NM_002490.6-5
309,-1.19916824646442,NP_002484,NP_002484.1,NM_002493.5
310,-0.765418948818649,NP_002487,NP_002487.1,NM_002496.4
311,-1.18972022431794,NP_002499,NP_002499.2,NM_002508.3
312,-0.761902403139826,NP_002513,NP_002513.2,NM_002522.4
313,-1.32064937030912,NP_002554,NP_002554.1,NM_002563.5
314,-0.848499530075008,NP_002559,NP_002559.2,NM_002568.4
315,-1.79814196288179,NP_002580,NP_002580.2,NM_002589.4
316,-0.663395309657923,NP_002613,NP_002613.2,NM_002622.5
317,-0.752746891355038,NP_002678,NP_002678.3,NM_002687.4
318,-0.815664784182661,NP_002687,NP_002687.1,NM_002696.3
319,-1.16407396961007,NP_002694,NP_002694.3,NM_002703.5
320,-1.25533857854943,NP_002727,NP_002727.2,NM_002736.3
321,-1.25533857854943,NP_002727,NP_002727.2-2,NM_002736.3-2
322,-0.982369174507028,NP_002736,NP_002736.3,NM_002745.5
323,-1.04973787423014,NP_002778,NP_002778.1,NM_002787.5
324,-1.02265150661475,NP_002783,NP_002783.1,NM_002792.4
325,-0.810111287160543,NP_002784,NP_002784.1,NM_002793.4
326,-1.02004187641116,NP_002786,NP_002786.2,NM_002795.4
327,-1.02004187641116,NP_002786,NP_002786.2-2,NM_002795.4-2
328,-1.05363446847055,NP_002787,NP_002787.2,NM_002796.3
329,-0.980660466197594,NP_002789,NP_002789.1,NM_002798.3
330,-0.920437756537787,NP_002790,NP_002790.1,NM_002799.4
331,-1.02663843177666,NP_002794,NP_002794.1,NM_002803.4
332,-0.911904305098438,NP_002802,NP_002802.2,NM_002811.5
333,-0.585038828656117,NP_002803,NP_002803.2,NM_002812.5
334,-0.852206714048755,NP_002814,NP_002814.3,NM_002823.5
335,1.13484467092672,NP_002817,NP_002817.2,NM_002826.5
336,-0.978225079339743,NP_002878,NP_002878.2,NM_002887.4
337,-0.69882958391859,NP_002892,NP_002892.1,NM_002901.4
338,1.66179817322013,NP_002893,NP_002893.1,NM_002902.3
339,-0.899633270447109,NP_002906,NP_002906.1,NM_002915.4
340,-0.555669232407231,NP_002922,NP_002922.2,NM_002931.4
341,-0.555669232407231,NP_002922,NP_002922.2-5,NM_002931.4-5
342,-0.555669232407231,NP_002922,NP_002922.2-6,NM_002931.4-6
343,-1.33914487471629,NP_003007,NP_003007.2,NM_003016.4
344,-0.97795390491584,NP_003008,NP_003008.1,NM_003017.5
345,-1.22754818546832,NP_003019,NP_003019.2,NM_003028.3
346,-0.814729059175272,NP_003065,NP_003065.3,NM_003074.4
347,-0.646586407096805,NP_003081,NP_003081.2,NM_003090.4
348,-0.98121135684751,NP_003082,NP_003082.1,NM_003091.4
349,-0.918759056781173,NP_003084,NP_003084.1,NM_003093.3
350,-1.19081068942084,NP_003086,NP_003086.1,NM_003095.5
351,-1.12718515327647,NP_003098,NP_003098.1,NM_003107.3
352,-1.24129402904639,NP_003115,NP_003115.1,NM_003124.5
353,-1.11841774745545,NP_003123,NP_003123.2,NM_003132.3
354,-0.977216658980262,NP_003128,NP_003128.3,NM_003137.5
355,-0.866496603474862,NP_003189,NP_003189.3,NM_003198.3
356,-0.930217306661816,NP_003246,NP_003246.1,NM_003255.5
357,-0.774423137235647,NP_003253,NP_003253.1,NM_003262.4
358,1.56255811684133,NP_003256,NP_003256.1,NM_003265.3
359,1.53776462293038,NP_003272,NP_003272.3,NM_003281.4
360,-1.1637091100188,NP_003277,NP_003277.1,NM_003286.4
361,-0.858916894182198,NP_003283,NP_003283.2,NM_003292.3
362,-1.19518843884346,NP_003320,NP_003320.2,NM_003329.4
363,-0.598952422896249,NP_003328,NP_003328.1,NM_003337.4
364,-1.13170364733426,NP_003339,NP_003339.1,NM_003348.4
365,-0.840977770797665,NP_003356,NP_003356.2,NM_003365.3
366,-1.06053741525752,NP_003357,NP_003357.2,NM_003366.4
367,-1.06053741525752,NP_003357,NP_003357.2-2,NM_003366.4-2
368,-0.729569868279734,NP_003394,NP_003394.1,NM_003403.5
369,-0.617881337113679,NP_003396,NP_003396.1,NM_003405.4
370,-1.42224138873327,NP_003404,NP_003404.1,NM_003413.4
371,-1.27178776068774,NP_003473,NP_003473.3,NM_003482.4
372,-1.06664389713617,NP_003474,NP_003474.1,NM_003483.6
373,-0.759619090963825,NP_003533,NP_003533.1,NM_003542.4
374,1.67200957623373,NP_003576,NP_003576.2,NM_003585.5
375,1.67200957623373,NP_003576,NP_003576.2-2,NM_003585.5-2
376,-0.945700470174484,NP_003592,NP_003592.3,NM_003601.4
377,-0.652447694535253,NP_003674,NP_003674.1,NM_003683.6
378,0.651506277515716,NP_003705,NP_003705.1,NM_003714.3
379,-0.604670071955138,NP_003741,NP_003741.1,NM_003750.4
380,-0.784527994162068,NP_003840,NP_003840.2,NM_003849.4
381,-0.881388456884432,NP_003841,NP_003841.1,NM_003850.3
382,-0.856462612356641,NP_003861,NP_003861.1,NM_003870.4
383,-1.12149447810732,NP_003904,NP_003904.3,NM_003913.5
384,-1.22067178853909,NP_003974,NP_003974.3,NM_003983.6
385,-0.738712761331747,NP_004036,NP_004036.1,NM_004045.4
386,-0.870333974967944,NP_004065,NP_004065.1,NM_004074.3
387,-1.33050353785157,NP_004068,NP_004068.2,NM_004077.3
388,-0.911922961677929,NP_004083,NP_004083.3,NM_004092.4
389,-0.645723203504914,NP_004087,NP_004087.1,NM_004096.5
390,-0.866363110242396,NP_004102,NP_004102.1,NM_004111.6
391,-1.29427493031018,NP_004115,NP_004115.1,NM_004124.3
392,-1.06626839357859,NP_004119,NP_004119.1,NM_004128.3
393,-0.898257606744766,NP_004125,NP_004125.3,NM_004134.7
394,-0.65866392501567,NP_004138,NP_004138.1,NM_004147.4
395,-1.18893414629348,NP_004172,NP_004172.2,NM_004181.5
396,-0.845265084788383,NP_004209,NP_004209.2,NM_004218.4
397,-1.04505591814927,NP_004243,NP_004243.1,NM_004252.5
398,-0.905392881661455,NP_004246,NP_004246.2,NM_004255.4
399,-1.03779190545631,NP_004270,NP_004270.2,NM_004279.3
400,-1.12361394317584,NP_004271,NP_004271.1,NM_004280.5
401,-1.3880400717752,NP_004280,NP_004280.5,NM_004289.7
402,-0.668278642102808,NP_004334,NP_004334.1,NM_004343.4
403,-0.815550982753532,NP_004389,NP_004389.2,NM_004398.4
404,-1.29182655504969,NP_004396,NP_004396.1,NM_004405.4
405,-1.14279249400965,NP_004441,NP_004441.1,NM_004450.3
406,-0.714942287672383,NP_004452,NP_004452.1,NM_004461.3
407,-0.524050373920741,NP_004468,NP_004468.1,NM_004477.3
408,-0.524050373920741,NP_004468,NP_004468.1-2,NM_004477.3-2
409,-0.524050373920741,NP_004468,NP_004468.1-3,NM_004477.3-3
410,-0.524050373920741,NP_004468,NP_004468.1-4,NM_004477.3-4
411,-0.9626574938948,NP_004493,NP_004493.3,NM_004502.4
412,-0.827136148002141,NP_004514,NP_004514.2,NM_004523.4
413,-0.999521248171652,NP_004532,NP_004532.1,NM_004541.4
414,-0.918661053306121,NP_004536,NP_004536.3,NM_004545.4
415,-0.732686986095602,NP_004539,NP_004539.1,NM_004548.3
416,-1.12113923386002,NP_004542,NP_004542.1,NM_004551.3
417,-1.12113923386002,NP_004542,NP_004542.1-2,NM_004551.3-2
418,-0.863911540489372,NP_004544,NP_004544.1,NM_004553.6
419,-1.07117706172254,NP_004550,NP_004550.2,NM_004559.5
420,-1.04915894038851,NP_004573,NP_004573.2,NM_004582.4
421,-0.754282089163104,NP_004598,NP_004598.1,NM_004607.3
422,-0.946209628626687,NP_004628,NP_004628.4,NM_004637.6
423,-0.890862503217968,NP_004636,NP_004636.1,NM_004645.3
424,-0.910832170504132,NP_004696,NP_004696.2,NM_004705.4
425,-1.18531430081668,NP_004699,NP_004699.1,NM_004708.4
426,-0.718982155994656,NP_004716,NP_004716.1,NM_004725.4
427,-1.21479364537743,NP_004772,NP_004772.1,NM_004781.4
428,-0.609352113216985,NP_004773,NP_004773.1,NM_004782.4
429,-0.834331827385936,NP_004791,NP_004791.1,NM_004800.3
430,-0.832366972479283,NP_004795,NP_004795.1,NM_004804.3
431,-0.932440889946636,NP_004805,NP_004805.2,NM_004814.3
432,-1.11127179887903,NP_004809,NP_004809.2,NM_004818.3
433,2.73319378596648,NP_004855,NP_004855.2,NM_004864.4
434,-0.755353330373337,NP_004881,NP_004881.2,NM_004890.3
435,-0.721068999531302,NP_004883,NP_004883.3,NM_004892.6
436,1.66773018503699,NP_004892,NP_004892.1,NM_004901.5
437,-0.995658655670952,NP_004896,NP_004896.1,NM_004905.3
438,-0.814710454950713,NP_004930,NP_004930.1,NM_004939.3
439,-0.644947102112836,NP_004992,NP_004992.2,NM_005001.5
440,-0.984099316133938,NP_004993,NP_004993.1,NM_005002.5
441,-0.604240063537635,NP_005006,NP_005006.4,NM_005015.5
442,-0.845436464894171,NP_005025,NP_005025.1,NM_005034.4
443,-1.02402106337983,NP_005054,NP_005054.3,NM_005063.5
444,1.25202271343625,NP_005064,NP_005064.1,NM_005073.4
445,-0.998232670132688,NP_005073,NP_005073.2,NM_005082.5
446,-0.984024658030566,NP_005096,NP_005096.1,NM_005105.5
447,-0.891487552467523,NP_005116,NP_005116.1,NM_005125.2
448,1.50254266337071,NP_005197,NP_005197.3,NM_005206.5
449,1.50254266337071,NP_005197,NP_005197.3-2,NM_005206.5-2
450,-0.708756717941189,NP_005198,NP_005198.1,NM_005207.4
451,-0.766466960760764,NP_005207,NP_005207.3,NM_005216.5
452,-0.946301963032022,NP_005240,NP_005240.3,NM_005249.5
453,-0.659488101737336,NP_005264,NP_005264.2,NM_005273.4
454,-0.995844968143571,NP_005265,NP_005265.1,NM_005274.3
455,-0.895255120618772,NP_005361,NP_005361.2,NM_005370.5
456,-0.93382393474313,NP_005372,NP_005372.2,NM_005381.3
457,-0.852559732123642,NP_005397,NP_005397.1,NM_005406.3
458,-0.942903365158956,NP_005406,NP_005406.3,NM_005415.5
459,-0.817780959571095,NP_005427,NP_005427.2,NM_005436.5
460,-0.868422858809147,NP_005436,NP_005436.1,NM_005445.4
461,-0.923578913695164,NP_005473,NP_005473.1,NM_005482.3
462,-0.86730019441911,NP_005485,NP_005485.1,NM_005494.3
463,-1.10455043972736,NP_005498,NP_005498.1,NM_005507.3
464,-1.02260778582941,NP_005508,NP_005508.1,NM_005517.4
465,-1.07257766877782,NP_005514,NP_005514.1,NM_005523.6
466,-0.980377537734465,NP_005660,NP_005660.4,NM_005669.5
467,-0.764609792680991,NP_005723,NP_005723.2,NM_005732.4
468,-1.40675634535611,NP_005724,NP_005724.1,NM_005733.3
469,-0.66681289797753,NP_005751,NP_005751.2,NM_005760.3
470,-0.838802139250252,NP_005753,NP_005753.1,NM_005762.3
471,1.26689575668864,NP_005759,NP_005759.4,NM_005768.6
472,-0.810659703459615,NP_005767,NP_005767.1,NM_005776.3
473,-0.940664162144201,NP_005773,NP_005773.3,NM_005782.4
474,-1.09356459132492,NP_005774,NP_005774.2,NM_005783.4
475,-0.944891592780481,NP_005782,NP_005782.1,NM_005791.3
476,-0.699799400784324,NP_005796,NP_005796.1,NM_005805.6
477,-0.893910471329026,NP_005800,NP_005800.3,NM_005809.6
478,-0.963257187068314,NP_005802,NP_005802.1,NM_005811.5
479,-0.574603384325201,NP_005819,NP_005819.3,NM_005828.5
480,-0.707355836726348,NP_005821,NP_005821.2,NM_005830.4
481,-1.31720047079946,NP_005827,NP_005827.1,NM_005836.3
482,-0.593642275912118,NP_005828,NP_005828.2,NM_005837.3
483,-0.672104831881448,NP_005849,NP_005849.1,NM_005858.4
484,-0.692553255542126,NP_005850,NP_005850.1,NM_005859.5
485,-0.636480286596445,NP_005863,NP_005863.1,NM_005872.3
486,-0.780978402458687,NP_005868,NP_005868.1,NM_005877.6
487,-1.03816871346826,NP_005871,NP_005871.1,NM_005880.4
488,-0.896723203533146,NP_005877,NP_005877.2,NM_005886.3
489,-0.619204496629666,NP_005906,NP_005906.2,NM_005915.6
490,-0.978639603594802,NP_005947,NP_005947.3,NM_005956.4
491,-0.860930727390679,NP_005964,NP_005964.3,NM_005973.5
492,-0.696763086014134,NP_005990,NP_005990.1,NM_005999.3
493,-1.10205190953796,NP_005994,NP_005994.2,NM_006003.3
494,-1.46106502991805,NP_006020,NP_006020.4,NM_006029.5
495,-0.949796019023555,NP_006053,NP_006053.2,NM_006062.3
496,-1.03777335084304,NP_006073,NP_006073.2,NM_006082.3
497,-0.672468031451315,NP_006074,NP_006074.2,NM_006083.4
498,-1.02368683011791,NP_006079,NP_006079.1,NM_006088.6
499,-0.845317635706581,NP_006147,NP_006147.1,NM_006156.3
500,-0.845317635706581,NP_006147,NP_006147.1-2,NM_006156.3-2
501,-1.15629929025166,NP_006169,NP_006169.2,NM_006178.4
502,-1.15629929025166,NP_006169,NP_006169.2-2,NM_006178.4-2
503,-0.785161858584879,NP_006182,NP_006182.2,NM_006191.3
504,-0.879087791701471,NP_006187,NP_006187.2,NM_006196.4
505,-1.2099895287615,NP_006214,NP_006214.3,NM_006223.4
506,-0.953191531328734,NP_006228,NP_006228.3,NM_006237.4
507,-0.795582284966023,NP_006256,NP_006256.1,NM_006265.3
508,-1.01007111795876,NP_006266,NP_006266.2,NM_006275.6
509,-0.675664421059359,NP_006280,NP_006280.3,NM_006289.4
510,-1.26792035726167,NP_006295,NP_006295.1,NM_006304.2
511,-1.15776067312854,NP_006296,NP_006296.1,NM_006305.4
512,-0.876841126275105,NP_006311,NP_006311.3,NM_006320.6
513,-0.675610399984537,NP_006315,NP_006315.1,NM_006324.3
514,-1.08385584923517,NP_006323,NP_006323.2,NM_006332.5
515,-1.09984026533464,NP_006326,NP_006326.1,NM_006335.3
516,-0.905911162118072,NP_006360,NP_006360.3,NM_006369.5
517,-0.939829898171414,NP_006382,NP_006382.1,NM_006391.3
518,-0.616761100043304,NP_006388,NP_006388.2,NM_006397.3
519,-0.866607438919644,NP_006392,NP_006392.1,NM_006401.3
520,-1.01614599668685,NP_006397,NP_006397.1,NM_006406.2
521,-1.08298218644298,NP_006398,NP_006398.1,NM_006407.4
522,-1.27918567417524,NP_006428,NP_006428.2,NM_006437.4
523,-0.720141226370102,NP_006444,NP_006444.2,NM_006453.3
524,-0.838424072775804,NP_006445,NP_006445.1,NM_006454.3
525,-0.980397302968844,NP_006451,NP_006451.1,NM_006460.3
526,-0.919185009777902,NP_006467,NP_006467.4,NM_006476.5
527,-0.84076278158142,NP_006501,NP_006501.1,NM_006510.5
528,-0.84076278158142,NP_006501,NP_006501.1-3,NM_006510.5-3
529,-0.84076278158142,NP_006501,NP_006501.1-4,NM_006510.5-4
530,-0.84076278158142,NP_006501,NP_006501.1-6,NM_006510.5-6
531,-0.84076278158142,NP_006501,NP_006501.1-7,NM_006510.5-7
532,-0.972230119845472,NP_006561,NP_006561.1,NM_006570.5
533,-1.36494110137951,NP_006562,NP_006562.1,NM_006571.4
534,-0.845923384086834,NP_006570,NP_006570.1,NM_006579.3
535,1.88650770160167,NP_006603,NP_006603.2,NM_006612.6
536,-1.00638870626484,NP_006618,NP_006618.1,NM_006627.3
537,-1.43939454077258,NP_006658,NP_006658.1,NM_006667.5
538,-0.929349831889586,NP_006685,NP_006685.1,NM_006694.4
539,-0.77602640082241,NP_006694,NP_006694.1,NM_006703.4
540,-0.794579030992893,NP_006708,NP_006708.2,NM_006717.3
541,-0.990162670440508,NP_006734,NP_006734.1,NM_006743.5
542,-0.864432221696365,NP_006752,NP_006752.1,NM_006761.5
543,-0.864432221696365,NP_006752,NP_006752.1-2,NM_006761.5-2
544,-0.993997934152125,NP_006758,NP_006758.2,NM_006767.4
545,-1.32192703925837,NP_006784,NP_006784.1,NM_006793.5
546,-1.0261994253254,NP_006796,NP_006796.1,NM_006805.4
547,-1.2321866252723,NP_006817,NP_006817.1,NM_006826.4
548,-0.781036025133386,NP_006818,NP_006818.3,NM_006827.6
549,-0.833151086880537,NP_006824,NP_006824.2,NM_006833.5
550,1.38777199285261,NP_006857,NP_006857.2,NM_006866.4
551,1.38777199285261,NP_006857,NP_006857.2-2,NM_006866.4-2
552,1.38777199285261,NP_006857,NP_006857.2-3,NM_006866.4-3
553,1.38777199285261,NP_006857,NP_006857.2-4,NM_006866.4-4
554,-1.05114110607095,NP_006867,NP_006867.1,NM_006876.3
555,-0.759662707898443,NP_008817,NP_008817.1,NM_006886.4
556,-0.561481073081961,NP_008818,NP_008818.3,NM_006887.5
557,-0.890115169327187,NP_008827,NP_008827.2,NM_006896.4
558,-1.2060793315281,NP_008828,NP_008828.1,NM_006897.3
559,-0.879387809133125,NP_008844,NP_008844.1,NM_006913.4
560,-0.879387809133125,NP_008844,NP_008844.1-5,NM_006913.4-5
561,-0.879387809133125,NP_008844,NP_008844.1-6,NM_006913.4-6
562,-0.879387809133125,NP_008844,NP_008844.1-7,NM_006913.4-7
563,-1.48493390004137,NP_008864,NP_008864.4,NM_006933.7
564,-0.784221480635945,NP_008868,NP_008868.3,NM_006937.4
565,-0.789462242683038,NP_008869,NP_008869.1,NM_006938.4
566,2.70678003003801,NP_008922,NP_008922.1,NM_006991.5
567,2.70678003003801,NP_008922,NP_008922.1-2,NM_006991.5-2
568,-1.36969052409528,NP_008937,NP_008937.1,NM_007006.3
569,-0.597192556008626,NP_008986,NP_008986.2,NM_007055.4
570,-0.949720096110487,NP_008996,NP_008996.1,NM_007065.4
571,-0.753510319985512,NP_009031,NP_009031.1,NM_007100.4
572,-0.804364771918489,NP_009039,NP_009039.1,NM_007108.4
573,-1.63849704399488,NP_009060,NP_009060.2,NM_007129.5
574,-0.956648155472315,NP_009107,NP_009107.1,NM_007176.4
575,-0.870932413550268,NP_009120,NP_009120.1,NM_007189.3
576,-0.80645209894466,NP_009123,NP_009123.1,NM_007192.4
577,-0.775340081247425,NP_009135,NP_009135.4,NM_007204.5
578,-1.20307554816374,NP_009139,NP_009139.1,NM_007208.4
579,-0.898156967554219,NP_009216,NP_009216.1,NM_007285.7
580,1.38205392151593,NP_009223,NP_009223.2,NM_007292.6
581,-1.06724386058675,NP_031401,NP_031401.1,NM_007375.4
582,-1.02819094688159,NP_036203,NP_036203.1,NM_012071.4
583,1.1679470979795,NP_036346,NP_036346.1,NM_012214.3
584,-0.927737970861111,NP_036364,NP_036364.2,NM_012232.6
585,-0.981748364080163,NP_036380,NP_036380.2,NM_012248.4
586,-1.0103181047861,NP_036394,NP_036394.1,NM_012262.4
587,-0.616035405224724,NP_036442,NP_036442.3,NM_012310.5
588,-1.01264841533065,NP_036449,NP_036449.1,NM_012317.4
589,-0.862039974441302,NP_036451,NP_036451.4,NM_012319.4
590,-1.31806969895904,NP_036465,NP_036465.2,NM_012333.5
591,-1.65598580888474,NP_036474,NP_036474.1,NM_012342.3
592,1.37693189061166,NP_036506,NP_036506.1,NM_012374.2
593,2.10049070059712,NP_036507,NP_036507.2,NM_012375.3
594,-0.713508112826921,NP_036546,NP_036546.2,NM_012414.4
595,-0.975885995348948,NP_036558,NP_036558.3,NM_012426.5
596,-1.21735186155043,NP_036591,NP_036591.3,NM_012459.4
597,-0.936984096558047,NP_036611,NP_036611.2,NM_012479.4
598,-0.849786206450978,NP_037408,NP_037408.2,NM_013276.4
599,0.946846107334584,NP_037465,NP_037465.2,NM_013333.4
600,-0.924157214788683,NP_037469,NP_037469.2,NM_013337.4
601,-0.924157214788683,NP_037469,NP_037469.2-2,NM_013337.4-2
602,-1.25012708383055,NP_037471,NP_037471.2,NM_013339.4
603,-1.56075673889121,NP_037505,NP_037505.1,NM_013373.4
604,-0.95676086320781,NP_037507,NP_037507.1,NM_013375.4
605,-0.95676086320781,NP_037507,NP_037507.1-2,NM_013375.4-2
606,-1.04324825622306,NP_037519,NP_037519.2,NM_013387.4
607,1.75214413729922,NP_038460,NP_038460.4,NM_013432.5
608,-0.942010424692446,NP_038472,NP_038472.2,NM_013444.4
609,1.04265873039858,NP_039228,NP_039228.1,NM_013940.4
610,-1.01381366621997,NP_054733,NP_054733.2,NM_014014.5
611,1.71419167551102,NP_054745,NP_054745.1,NM_014026.6
612,-0.815358420805533,NP_054760,NP_054760.4,NM_014041.5
613,-0.810265740812296,NP_054766,NP_054766.1,NM_014047.3
614,-1.38305602501685,NP_054770,NP_054770.1,NM_014051.4
615,-1.12815456371414,NP_054797,NP_054797.2,NM_014078.6
616,1.38194968631893,NP_054868,NP_054868.3,NM_014149.4
617,-1.10316758488018,NP_054880,NP_054880.2,NM_014161.5
618,-0.676764922754878,NP_054886,NP_054886.2,NM_014167.5
619,-1.13069132733157,NP_054894,NP_054894.1,NM_014175.4
620,-0.8195165977041,NP_054900,NP_054900.2,NM_014181.3
621,-0.674107923408685,NP_054907,NP_054907.1,NM_014188.3
622,-1.35117347400028,NP_055028,NP_055028.3,NM_014213.4
623,-1.22347572059214,NP_055070,NP_055070.1,NM_014255.7
624,-0.857099942655862,NP_055095,NP_055095.2,NM_014280.3
625,-0.857099942655862,NP_055095,NP_055095.2-2,NM_014280.3-2
626,-1.08568374355863,NP_055121,NP_055121.1,NM_014306.5
627,-0.814822538568397,NP_055136,NP_055136.1,NM_014321.4
628,1.59589201955266,NP_055145,NP_055145.3,NM_014330.5
629,-0.795922268370217,NP_055209,NP_055209.2,NM_014394.3
630,-1.01901122591663,NP_055214,NP_055214.1,NM_014399.4
631,-0.73816628331863,NP_055217,NP_055217.2,NM_014402.5
632,2.17262917254645,NP_055257,NP_055257.2,NM_014442.3
633,-0.749628373777792,NP_055260,NP_055260.1,NM_014445.4
634,-0.80466210545896,NP_055278,NP_055278.1,NM_014463.3
635,-0.873222859349812,NP_055317,NP_055317.1,NM_014502.5
636,-1.18301039857191,NP_055318,NP_055318.2,NM_014503.3
637,-1.04045378701218,NP_055417,NP_055417.1,NM_014602.3
638,-0.757784399407962,NP_055422,NP_055422.1,NM_014607.4
639,-1.16555865724772,NP_055429,NP_055429.2,NM_014614.3
640,1.95445593376573,NP_055498,NP_055498.3,NM_014683.4
641,-1.00954063270973,NP_055524,NP_055524.3,NM_014709.4
642,-1.08733493306828,NP_055554,NP_055554.1,NM_014739.3
643,-0.752865524066129,NP_055567,NP_055567.2,NM_014752.3
644,-0.648721826335831,NP_055570,NP_055570.1,NM_014755.3
645,-1.07045263717563,NP_055575,NP_055575.3,NM_014760.4
646,-1.42455876344042,NP_055577,NP_055577.1,NM_014762.4
647,-1.40808006988146,NP_055578,NP_055578.2,NM_014763.4
648,-0.861458627740268,NP_055680,NP_055680.3,NM_014865.4
649,-1.0895678429889,NP_055693,NP_055693.4,NM_014878.5
650,-0.891370581109777,NP_055701,NP_055701.1,NM_014886.6
651,-0.638377327249682,NP_055706,NP_055706.1,NM_014891.7
652,-0.992417832771306,NP_055723,NP_055723.1,NM_014908.4
653,-0.713102652686574,NP_055787,NP_055787.1,NM_014972.3
654,-1.36960170079355,NP_055816,NP_055816.2,NM_015001.3
655,-0.882155175702488,NP_055871,NP_055871.1,NM_015056.3
656,-0.886462186505284,NP_055872,NP_055872.4,NM_015057.5
657,-0.694455695164207,NP_055946,NP_055946.1,NM_015131.3
658,-1.2582067762065,NP_055955,NP_055955.1,NM_015140.4
659,-1.48147562503267,NP_055959,NP_055959.2,NM_015144.3
660,-0.821421813492054,NP_056016,NP_056016.1,NM_015201.5
661,-1.1912587831237,NP_056046,NP_056046.2,NM_015231.3
662,-1.1912587831237,NP_056046,NP_056046.2-2,NM_015231.3-2
663,-0.917651974684999,NP_056050,NP_056050.1,NM_015235.3
664,-1.16034940387398,NP_056140,NP_056140.1,NM_015325.3
665,-1.1173056302881,NP_056169,NP_056169.1,NM_015354.3
666,-0.764964270664755,NP_056175,NP_056175.3,NM_015360.5
667,-1.01201731701817,NP_056195,NP_056195.3,NM_015380.5
668,-0.912400103018362,NP_056212,NP_056212.1,NM_015397.4
669,-0.789086590308952,NP_056224,NP_056224.3,NM_015409.5
670,-0.94922891947137,NP_056236,NP_056236.2,NM_015421.4
671,-0.950963791262517,NP_056238,NP_056238.2,NM_015423.3
672,-0.879179178068882,NP_056240,NP_056240.2,NM_015425.6
673,1.12764480558795,NP_056246,NP_056246.3,NM_015431.4
674,-0.979663589705415,NP_056338,NP_056338.2,NM_015523.4
675,1.21676641145462,NP_056360,NP_056360.2,NM_015545.4
676,-1.27052695076047,NP_056437,NP_056437.4,NM_015622.6
677,-0.81966925078294,NP_056474,NP_056474.2,NM_015659.3
678,-0.881958704089353,NP_056508,NP_056508.2,NM_015693.4
679,-0.784793107667026,NP_056513,NP_056513.2,NM_015698.6
680,-1.15802530247394,NP_056517,NP_056517.1,NM_015702.3
681,-0.649689600800997,NP_056518,NP_056518.2,NM_015703.5
682,-0.87341904594929,NP_056541,NP_056541.2,NM_015726.4
683,-0.913110117442246,NP_056988,NP_056988.3,NM_015904.4
684,-1.0925819861681,NP_056991,NP_056991.2,NM_015907.3
685,-1.2390889065138,NP_056997,NP_056997.1,NM_015913.4
686,-0.930412416520817,NP_057016,NP_057016.1,NM_015932.6
687,-0.962513460444588,NP_057017,NP_057017.1,NM_015933.6
688,-0.652170121277876,NP_057018,NP_057018.1,NM_015934.5
689,-0.892563758195429,NP_057053,NP_057053.1,NM_015969.3
690,-1.04669960859379,NP_057055,NP_057055.2,NM_015971.4
691,-1.20138285733451,NP_057057,NP_057057.2,NM_015973.5
692,-1.08487377288059,NP_057059,NP_057059.2,NM_015975.5
693,-1.00394965108776,NP_057085,NP_057085.2,NM_016001.3
694,-0.877653840507239,NP_057108,NP_057108.2,NM_016024.4
695,-0.723967172118527,NP_057122,NP_057122.2,NM_016038.4
696,-0.968074669684507,NP_057123,NP_057123.1,NM_016039.3
697,-1.43802048256214,NP_057132,NP_057132.2,NM_016048.2
698,-1.05659162910937,NP_057143,NP_057143.1,NM_016059.5
699,-0.812132564769762,NP_057151,NP_057151.1,NM_016067.4
700,-0.619070870370377,NP_057152,NP_057152.2,NM_016068.3
701,-0.933764916033071,NP_057154,NP_057154.2,NM_016070.4
702,-0.778417398460834,NP_057178,NP_057178.2,NM_016094.4
703,-0.857357099650279,NP_057179,NP_057179.1,NM_016095.3
704,-0.785110866329462,NP_057181,NP_057181.1,NM_016097.5
705,-0.699780394678505,NP_057191,NP_057191.2,NM_016107.5
706,-0.84476395037038,NP_057223,NP_057223.1,NM_016139.4
707,-0.828042859408551,NP_057229,NP_057229.1,NM_016145.4
708,-1.07232566463433,NP_057251,NP_057251.2,NM_016167.5
709,-0.889763794939666,NP_057284,NP_057284.1,NM_016200.5
710,-2.01088791771206,NP_057340,NP_057340.2,NM_016256.4
711,-1.11696514528292,NP_057359,NP_057359.2,NM_016275.5
712,-0.821099721339157,NP_057395,NP_057395.1,NM_016311.5
713,-0.821099721339157,NP_057395,NP_057395.1-2,NM_016311.5-2
714,-0.764322236528965,NP_057417,NP_057417.3,NM_016333.4
715,-0.756901921539789,NP_057444,NP_057444.2,NM_016360.4
716,-1.05336968092191,NP_057501,NP_057501.2,NM_016417.3
717,-0.969533876967929,NP_057550,NP_057550.3,NM_016466.6
718,-0.783304005729179,NP_057575,NP_057575.2,NM_016491.4
719,-0.962151108371224,NP_057581,NP_057581.2,NM_016497.4
720,-1.01065455176375,NP_057584,NP_057584.2,NM_016500.5
721,-1.19605492208502,NP_057588,NP_057588.1,NM_016504.3
722,-0.788946137939429,NP_057594,NP_057594.5,NM_016510.7
723,-0.907682339042506,NP_057604,NP_057604.1,NM_016520.3
724,-1.05092707274866,NP_057651,NP_057651.1,NM_016567.4
725,1.14148714298901,NP_057723,NP_057723.1,NM_016639.3
726,-0.891061294853024,NP_057724,NP_057724.2,NM_016640.4
727,1.6193964805886,NP_058431,NP_058431.2,NM_016823.4
728,1.6193964805886,NP_058431,NP_058431.2-2,NM_016823.4-2
729,2.10540959347969,NP_058649,NP_058649.3,NM_016953.4
730,-0.917477171672733,NP_060016,NP_060016.3,NM_017546.5
731,-0.576181668135084,NP_060083,NP_060083.1,NM_017613.4
732,-0.959022034057112,NP_060117,NP_060117.3,NM_017647.4
733,-0.860900050895724,NP_060217,NP_060217.1,NM_017747.3
734,-1.11080825128952,NP_060271,NP_060271.1,NM_017801.3
735,-0.838387144182717,NP_060277,NP_060277.1,NM_017807.4
736,-0.838387144182717,NP_060277,NP_060277.1-2,NM_017807.4-2
737,-1.04575055760465,NP_060283,NP_060283.3,NM_017813.5
738,-1.07570872306646,NP_060310,NP_060310.1,NM_017840.4
739,-0.930377681361981,NP_060311,NP_060311.1,NM_017841.4
740,-0.996696327465975,NP_060316,NP_060316.1,NM_017846.5
741,2.89101371908818,NP_060319,NP_060319.1,NM_017849.4
742,-0.867830957092291,NP_060337,NP_060337.2,NM_017867.3
743,1.51801467510162,NP_060343,NP_060343.1,NM_017873.4
744,-0.995805155118405,NP_060422,NP_060422.4,NM_017952.6
745,-1.04761151032988,NP_060426,NP_060426.2,NM_017956.4
746,-0.61679431048498,NP_060481,NP_060481.3,NM_018011.4
747,-0.849941218935416,NP_060495,NP_060495.2,NM_018025.3
748,-0.925307434920187,NP_060506,NP_060506.6,NM_018036.7
749,-1.00913286005545,NP_060516,NP_060516.2,NM_018046.5
750,-0.916165177000227,NP_060517,NP_060517.1,NM_018047.3
751,-1.25660668852824,NP_060530,NP_060530.3,NM_018060.4
752,-1.14082294892862,NP_060542,NP_060542.4,NM_018072.6
753,-0.776289910196262,NP_060547,NP_060547.2,NM_018077.3
754,-0.557835128413076,NP_060555,NP_060555.2,NM_018085.5
755,-0.58348685762333,NP_060598,NP_060598.3,NM_018128.5
756,-0.825535538253747,NP_060599,NP_060599.1,NM_018129.4
757,-1.05083603940795,NP_060600,NP_060600.2,NM_018130.3
758,-1.02516990447826,NP_060606,NP_060606.3,NM_018136.5
759,0.622741110680378,NP_060613,NP_060613.1,NM_018143.3
760,-0.754078829834172,NP_060619,NP_060619.4,NM_018149.7
761,-0.762833961115675,NP_060628,NP_060628.3,NM_018158.3
762,0.955920530093578,NP_060695,NP_060695.2,NM_018225.3
763,-1.26622234490505,NP_060700,NP_060700.2,NM_018230.3
764,-1.16351624060298,NP_060753,NP_060753.1,NM_018283.4
765,-0.980776317052407,NP_060755,NP_060755.1,NM_018285.4
766,-0.872139779485085,NP_060791,NP_060791.3,NM_018321.4
767,-1.26582858455612,NP_060809,NP_060809.3,NM_018339.6
768,-0.914433182507713,NP_060816,NP_060816.1,NM_018346.3
769,-0.808121660582708,NP_060822,NP_060822.2,NM_018352.3
770,-0.996578652305391,NP_060843,NP_060843.2,NM_018373.3
771,-0.981740415390323,NP_060855,NP_060855.2,NM_018385.3
772,-0.671023229276387,NP_060867,NP_060867.2,NM_018397.5
773,-0.933377123960824,NP_060877,NP_060877.4,NM_018407.6
774,1.93494805300354,NP_060908,NP_060908.1,NM_018438.6
775,-0.984693648786966,NP_060922,NP_060922.2,NM_018452.6
776,-0.986425059732272,NP_060932,NP_060932.2,NM_018462.5
777,-1.16741980037408,NP_060934,NP_060934.1,NM_018464.5
778,-0.7483343823386,NP_060941,NP_060941.2,NM_018471.3
779,-0.619358873731209,NP_060979,NP_060979.2,NM_018509.4
780,0.733118163695912,NP_061031,NP_061031.2,NM_018561.5
781,-0.608714747792637,NP_061063,NP_061063.2,NM_018593.5
782,-0.82725457297015,NP_061119,NP_061119.1,NM_018649.3
783,-1.04077085080761,NP_061133,NP_061133.1,NM_018663.3
784,1.66212028384957,NP_061756,NP_061756.1,NM_018933.4
785,1.66212028384957,NP_061756,NP_061756.1-2,NM_018933.4-2
786,-0.873394460595439,NP_061820,NP_061820.1,NM_018947.6
787,-1.28633647948658,NP_061824,NP_061824.3,NM_018951.4
788,-1.49426767733439,NP_061855,NP_061855.1,NM_018982.5
789,-0.868727159571357,NP_061862,NP_061862.1,NM_018989.2
790,-1.0762310650426,NP_061924,NP_061924.1,NM_019051.3
791,-0.884351700014656,NP_061944,NP_061944.2,NM_019071.3
792,-1.47432767108317,NP_061975,NP_061975.2,NM_019102.4
793,-0.792054141672071,NP_061980,NP_061980.1,NM_019107.4
794,-1.10768364735923,NP_063949,NP_063949.2,NM_019896.4
795,2.58080843213723,NP_064535,NP_064535.1,NM_020150.5
796,-1.04665084391473,NP_064571,NP_064571.1,NM_020186.3
797,-1.1600526351556,NP_064584,NP_064584.1,NM_020199.3
798,-1.16977462414205,NP_064628,NP_064628.1,NM_020243.5
799,-1.02881664992729,NP_064708,NP_064708.1,NM_020312.4
800,-0.686897509595354,NP_065101,NP_065101.1,NM_020368.3
801,-0.484274593817075,NP_065108,NP_065108.1,NM_020375.3
802,-0.740593813083558,NP_065147,NP_065147.1,NM_020414.4
803,1.93826519774239,NP_065169,NP_065169.1,NM_020436.5
804,-0.90300604033642,NP_065194,NP_065194.3,NM_020461.4
805,-1.13926144709977,NP_065726,NP_065726.1,NM_020675.4
806,1.13101045784862,NP_065765,NP_065765.1,NM_020714.3
807,-1.05546916260994,NP_065921,NP_065921.2,NM_020870.4
808,1.23154429227023,NP_066191,NP_066191.1,NM_020981.4
809,-0.722982230899051,NP_066272,NP_066272.1,NM_020992.4
810,-0.988499653207314,NP_066285,NP_066285.1,NM_021005.4
811,-0.799728032751421,NP_066565,NP_066565.1,NM_021079.5
812,-1.03284881440869,NP_066952,NP_066952.1,NM_021129.4
813,-1.04172558138538,NP_066964,NP_066964.1,NM_021141.4
814,-1.28873842492505,NP_066972,NP_066972.1,NM_021149.5
815,-0.778384061045528,NP_067015,NP_067015.2,NM_021192.3
816,-0.840264536096413,NP_068747,NP_068747.1,NM_021928.4
817,-1.47065364987107,NP_068777,NP_068777.1,NM_021958.4
818,-0.782784752293952,NP_068780,NP_068780.2,NM_021961.6
819,-0.925209481526184,NP_068839,NP_068839.1,NM_021999.5
820,-0.906522864067566,NP_071327,NP_071327.2,NM_022044.3
821,-0.904548766562243,NP_071344,NP_071344.1,NM_022061.4
822,-0.925784937128503,NP_071353,NP_071353.4,NM_022070.5
823,-1.08977960305504,NP_071383,NP_071383.1,NM_022100.3
824,-0.830741020489901,NP_071446,NP_071446.2,NM_022163.4
825,-0.874231149471762,NP_071766,NP_071766.2,NM_022371.4
826,-0.837981187015562,NP_071896,NP_071896.8,NM_022451.11
827,-0.777731620674977,NP_071941,NP_071941.1,NM_022496.5
828,-0.91739669865794,NP_071942,NP_071942.1,NM_022497.5
829,-1.07752765948019,NP_073149,NP_073149.1,NM_022658.4
830,-1.10869637800035,NP_073568,NP_073568.2,NM_022731.5
831,-0.914900254386618,NP_073613,NP_073613.2,NM_022776.5
832,-1.25343390812203,NP_073617,NP_073617.1,NM_022780.4
833,-0.892573028455069,NP_073729,NP_073729.1,NM_022818.5
834,-1.20181692891492,NP_075385,NP_075385.1,NM_023009.7
835,-0.702317314024241,NP_075565,NP_075565.2,NM_023077.3
836,-1.42721437566082,NP_076919,NP_076919.1,NM_024014.4
837,-1.74054922717585,NP_076921,NP_076921.1,NM_024016.4
838,-1.41179024800726,NP_076922,NP_076922.1,NM_024017.5
839,-0.613677109967582,NP_076955,NP_076955.1,NM_024050.6
840,-0.873112459376247,NP_076962,NP_076962.2,NM_024057.4
841,-0.86542434663022,NP_077001,NP_077001.1,NM_024096.2
842,-1.06777275377485,NP_077003,NP_077003.1,NM_024098.4
843,2.05495254971409,NP_077279,NP_077279.1,NM_024303.4
844,-0.495305065547091,NP_077295,NP_077295.1,NM_024319.4
845,-1.03023264207605,NP_077719,NP_077719.2,NM_024408.4
846,-1.26464005311345,NP_078792,NP_078792.1,NM_024516.4
847,-1.00282620526906,NP_078805,NP_078805.3,NM_024529.5
848,1.34205010865707,NP_078912,NP_078912.2,NM_024636.4
849,1.58448381250883,NP_078913,NP_078913.3,NM_024637.5
850,-0.592239442597311,NP_078916,NP_078916.3,NM_024640.4
851,1.10138693059504,NP_079074,NP_079074.2,NM_024798.3
852,-0.48825370827892,NP_079089,NP_079089.2,NM_024813.3
853,1.51485668779502,NP_079145,NP_079145.2,NM_024869.3
854,0.97033697974668,NP_079239,NP_079239.3,NM_024963.6
855,-0.771066212140154,NP_079341,NP_079341.2,NM_025065.7
856,-0.887906344095748,NP_079345,NP_079345.1,NM_025069.3
857,-1.00265146129688,NP_079472,NP_079472.1,NM_025196.4
858,-0.554446127215804,NP_079481,NP_079481.2,NM_025205.5
859,-0.899030134866942,NP_079526,NP_079526.1,NM_025250.3
860,-0.935782086800083,NP_085048,NP_085048.1,NM_030571.4
861,-1.25426096107707,NP_110382,NP_110382.3,NM_030755.5
862,-0.864259566390347,NP_110448,NP_110448.2,NM_030821.5
863,0.901399255468649,NP_112163,NP_112163.1,NM_030901.2
864,-1.00423480947679,NP_112202,NP_112202.2,NM_030940.4
865,-1.02415906152661,NP_112211,NP_112211.1,NM_030949.3
866,-0.847892255827818,NP_112243,NP_112243.1,NM_030981.3
867,-1.31401915515855,NP_112487,NP_112487.1,NM_031210.6
868,2.58248344591312,NP_112496,NP_112496.1,NM_031219.4
869,-0.976038136160363,NP_112570,NP_112570.2,NM_031280.4
870,-0.907451633316867,NP_112577,NP_112577.1,NM_031287.3
871,0.700500878545641,NP_113647,NP_113647.1,NM_031459.5
872,0.700500878545641,NP_113647,NP_113647.1-2,NM_031459.5-2
873,1.90037184408281,NP_113667,NP_113667.1,NM_031479.5
874,-0.956900431690534,NP_113673,NP_113673.3,NM_031485.4
875,-1.82566110142946,NP_114072,NP_114072.1,NM_031866.3
876,-1.02600779439736,NP_114109,NP_114109.1,NM_031903.3
877,-0.844662137175259,NP_114404,NP_114404.1,NM_032015.5
878,-0.791295157415023,NP_114409,NP_114409.2,NM_032020.5
879,-1.02842970837125,NP_115514,NP_115514.2,NM_032138.7
880,-0.895377128647523,NP_115515,NP_115515.2,NM_032139.3
881,-0.925299614945881,NP_115569,NP_115569.2,NM_032193.4
882,-0.7390459112343,NP_115663,NP_115663.2,NM_032287.3
883,-0.766484753882781,NP_115716,NP_115716.1,NM_032340.4
884,-1.06589732645261,NP_115717,NP_115717.3,NM_032341.5
885,-0.875844273287863,NP_115723,NP_115723.1,NM_032347.3
886,-0.688586105336241,NP_115729,NP_115729.1,NM_032353.4
887,-1.07581650859957,NP_115737,NP_115737.1,NM_032361.4
888,-1.00811345276984,NP_115785,NP_115785.1,NM_032409.3
889,-0.626194387612704,NP_115788,NP_115788.1,NM_032412.4
890,-1.05393480548585,NP_115811,NP_115811.2,NM_032435.3
891,2.12768796479124,NP_115829,NP_115829.1,NM_032453.2
892,-1.20988585677811,NP_115865,NP_115865.1,NM_032476.4
893,-0.600913338662945,NP_115867,NP_115867.2,NM_032478.4
894,-1.14992766386096,NP_115898,NP_115898.2,NM_032509.4
895,-1.10087773316452,NP_116045,NP_116045.2,NM_032656.4
896,-1.30611857523214,NP_116072,NP_116072.2,NM_032683.3
897,-1.70006836103007,NP_116103,NP_116103.1,NM_032714.3
898,-1.07095670428245,NP_116120,NP_116120.1,NM_032731.4
899,-1.64011302021994,NP_116161,NP_116161.2,NM_032772.6
900,-0.765234074985039,NP_116185,NP_116185.2,NM_032796.4
901,-0.966928861684328,NP_116236,NP_116236.1,NM_032847.3
902,-0.524222868201919,NP_116253,NP_116253.2,NM_032864.4
903,-0.944413200986426,NP_116270,NP_116270.1,NM_032881.3
904,-0.772045119009185,NP_116558,NP_116558.1,NM_032940.3
905,-0.574999864421084,NP_149073,NP_149073.1,NM_033082.4
906,-0.935724262923429,NP_149110,NP_149110.1,NM_033119.5
907,-0.986701447487786,NP_149123,NP_149123.3,NM_033132.5
908,-0.959996119733987,NP_150597,NP_150597.1,NM_033281.6
909,-0.767453394647677,NP_201575,NP_201575.3,NM_033318.5
910,-0.767453394647677,NP_201575,NP_201575.3-2,NM_033318.5-2
911,-0.767453394647677,NP_201575,NP_201575.3-4,NM_033318.5-4
912,-0.744288566204377,NP_219494,NP_219494.2,NM_033426.3
913,-1.40354474720958,NP_277050,NP_277050.2,NM_033515.3
914,-1.08240729955354,NP_291025,NP_291025.3,NM_033547.4
915,-0.801563122957895,NP_291028,NP_291028.3,NM_033550.4
916,-0.748919859909537,NP_443082,NP_443082.2,NM_052850.4
917,-0.697822417724235,NP_443089,NP_443089.3,NM_052857.4
918,1.04249138297501,NP_443130,NP_443130.1,NM_052898.2
919,-1.02792257621084,NP_443164,NP_443164.2,NM_052932.3
920,-0.778229036605201,NP_444273,NP_444273.1,NM_053045.2
921,-0.668173912109263,NP_444278,NP_444278.1,NM_053050.5
922,-1.46869850815016,NP_510868,NP_510868.1,NM_078468.3
923,-1.43090728843791,NP_510869,NP_510869.1,NM_078469.3
924,-0.870544125363965,NP_524147,NP_524147.2,NM_079423.4
925,-0.687724657332287,NP_542160,NP_542160.1,NM_080593.2
926,-0.660688133570699,NP_542161,NP_542161.1,NM_080594.4
927,2.36728065822568,NP_542194,NP_542194.2,NM_080627.4
928,-0.562124037410282,NP_542408,NP_542408.1,NM_080677.3
929,1.25284339904438,NP_612145,NP_612145.2,NM_138288.4
930,-0.91514645859102,NP_612206,NP_612206.5,NM_138333.5
931,-0.830082790380974,NP_612367,NP_612367.1,NM_138358.4
932,-1.31637462053602,NP_612404,NP_612404.1,NM_138395.4
933,-1.31295902698841,NP_612417,NP_612417.1,NM_138408.4
934,-0.879771215584094,NP_612435,NP_612435.1,NM_138426.4
935,-0.819393153326742,NP_612452,NP_612452.1,NM_138443.4
936,-1.4296842011018,NP_612453,NP_612453.1,NM_138444.4
937,-0.977905422385691,NP_612455,NP_612455.1,NM_138446.2
938,-0.650219098119521,NP_612456,NP_612456.1,NM_138447.3
939,-1.5423296960626,NP_613075,NP_613075.1,NM_138609.3
940,-1.16423032738566,NP_619541,NP_619541.1,NM_138635.3
941,-0.863271126053972,NP_619634,NP_619634.1,NM_138689.3
942,-0.732073487610016,NP_620175,NP_620175.1,NM_138820.4
943,-0.739816143837667,NP_624311,NP_624311.1,NM_139126.4
944,1.5818027879884,NP_640335,NP_640335.2,NM_139242.4
945,-1.26577744799264,NP_644810,NP_644810.2,NM_139281.3
946,-1.29950109385717,NP_653183,NP_653183.2,NM_144582.3
947,2.70346331089959,NP_653212,NP_653212.1,NM_144611.4
948,-0.867651954264949,NP_653324,NP_653324.1,NM_144723.3
949,-0.847151928330583,NP_658985,NP_658985.2,NM_144772.3
950,-0.847151928330583,NP_658985,NP_658985.2-2,NM_144772.3-2
951,-0.758552089056333,NP_659486,NP_659486.2,NM_145049.5
952,-0.912157104609001,NP_660150,NP_660150.1,NM_145167.3
953,-1.10331644120839,NP_660152,NP_660152.1,NM_145169.3
954,-0.911051308438761,NP_660213,NP_660213.1,NM_145212.4
955,-1.22664580800826,NP_660286,NP_660286.1,NM_145243.5
956,1.14571311860644,NP_660308,NP_660308.1,NM_145265.3
957,-0.643124986505578,NP_665805,NP_665805.2,NM_145806.4
958,-1.15165630603387,NP_666500,NP_666500.1,NM_146388.2
959,1.73920826788112,NP_683684,NP_683684.2,NM_148886.2
960,1.14719615075128,NP_683701,NP_683701.2,NM_148903.3
961,1.43902685672106,NP_689476,NP_689476.2,NM_152263.4
962,-0.820642129203896,NP_689521,NP_689521.1,NM_152308.3
963,1.81375966263078,NP_689575,NP_689575.2,NM_152362.3
964,2.85781301531212,NP_689700,NP_689700.1,NM_152487.3
965,-1.11565053328083,NP_689753,NP_689753.2,NM_152540.4
966,-1.40639580261072,NP_689850,NP_689850.2,NM_152637.3
967,0.787619083804393,NP_689893,NP_689893.1,NM_152680.3
968,-0.987816538426219,NP_689942,NP_689942.2,NM_152729.3
969,-1.50756807689813,NP_689952,NP_689952.1,NM_152739.4
970,-0.667920662384093,NP_689979,NP_689979.1,NM_152766.5
971,-0.874921598045965,NP_694964,NP_694964.3,NM_153232.4
972,-0.917692815728454,NP_714924,NP_714924.1,NM_153713.3
973,-1.19887451522242,NP_722517,NP_722517.3,NM_153810.5
974,-0.648018471968656,NP_733751,NP_733751.2,NM_170606.3
975,-0.825930708161703,NP_734467,NP_734467.1,NM_170746.4
976,-1.05137857351548,NP_775837,NP_775837.2,NM_173566.3
977,-1.06693459048684,NP_775873,NP_775873.2,NM_173602.3
978,-0.819295950295297,NP_776190,NP_776190.1,NM_173829.4
979,-0.705616570641911,NP_776251,NP_776251.2,NM_173852.4
980,-0.880627454812062,NP_777549,NP_777549.1,NM_174889.5
981,-1.18747674579088,NP_777569,NP_777569.1,NM_174909.5
982,-0.603740389435046,NP_778236,NP_778236.2,NM_175066.4
983,-0.603740389435046,NP_778236,NP_778236.2-2,NM_175066.4-2
984,-0.796247257171762,NP_780294,NP_780294.1,NM_175085.3
985,-0.691016829845152,NP_783313,NP_783313.1,NM_175614.5
986,-1.03310935472505,NP_795361,NP_795361.1,NM_176880.6
987,-0.711043468886455,NP_817092,NP_817092.1,NM_177983.3
988,1.86124354284628,NP_821066,NP_821066.1,NM_177999.3
989,-1.20497196681688,NP_848602,NP_848602.1,NM_178507.4
990,-1.14473597501286,NP_848652,NP_848652.2,NM_178557.4
991,-1.24877224414503,NP_859052,NP_859052.3,NM_181701.4
992,-1.06955854043537,NP_859067,NP_859067.2,NM_181716.3
993,0.869830498272462,NP_861441,NP_861441.2,NM_181776.3
994,1.13720587764766,NP_872312,NP_872312.2,NM_182506.3
995,-0.865074863718993,NP_874364,NP_874364.1,NM_182705.3
996,1.35817072303182,NP_899060,NP_899060.1,NM_183237.3
997,-0.965153370116639,NP_899064,NP_899064.1,NM_183241.3
998,1.45685950049248,NP_919340,NP_919340.1,NM_194359.2
999,-0.65593265723559,NP_932343,NP_932343.1,NM_198077.4
1000,-0.75889048636844,NP_940869,NP_940869.2,NM_198467.3
1001,-1.36247040142583,NP_940965,NP_940965.1,NM_198563.5
1002,-0.923702352544515,NP_945327,NP_945327.3,NM_198976.4
1003,-0.891370917863191,NP_976043,NP_976043.1,NM_203298.3
1004,-0.969933068060006,NP_982287,NP_982287.1,NM_203462.3
1005,-0.757606246538189,NP_997001,NP_997001.1,NM_207118.3
1006,-1.01704470453628,NP_997229,NP_997229.2,NM_207346.3
1007,-0.979474458954294,NP_998731,NP_998731.1,NM_213566.2
1008,1.31756255740115,NP_999876,NP_999876.2,NM_214711.4
1009,1.31756255740115,NP_999876,NP_999876.2-2,NM_214711.4-2
1010,3.29939141991181,XP_005246393,XP_005246393.1,XM_005246336.4
1011,1.64637818172979,XP_005246449,XP_005246449.1,XM_005246392.5
1012,1.50795117279655,XP_005251560,XP_005251560.1,XM_005251503.6
1013,1.31560245632473,XP_005252153,XP_005252153.1,XM_005252096.5
1014,1.75358262580601,XP_005254215,XP_005254215.2,XM_005254158.6
1015,1.89349028269171,XP_005256481,XP_005256481.1,XM_005256424.3
1016,1.24972238527519,XP_005258733,XP_005258733.1,XM_005258676.4
1017,1.90760598529183,XP_005259385,XP_005259385.1,XM_005259328.6
1018,2.09362580473409,XP_005259386,XP_005259386.1,XM_005259329.5
1019,-0.974733286623161,XP_005263977,XP_005263977.1,XM_005263920.4
1020,1.37201772248476,XP_005264464,XP_005264464.1,XM_005264407.4
1021,0.759337660773795,XP_005265713,XP_005265713.1,XM_005265656.4
1022,2.19799421879549,XP_005266501,XP_005266501.1,XM_005266444.4
1023,1.81921864181295,XP_005267375,XP_005267375.1,XM_005267318.5
1024,0.991085026406416,XP_005268522,XP_005268522.1,XM_005268465.5
1025,2.10650458373828,XP_005272986,XP_005272986.1,XM_005272929.4
1026,2.15407030949393,XP_006712390,XP_006712390.1,XM_006712327.4
1027,2.12814264280129,XP_006712882,XP_006712882.1,XM_006712819.4
1028,0.555039397205739,XP_006717091,XP_006717091.1,XM_006717028.4
1029,1.03755510889263,XP_006720617,XP_006720617.1,XM_006720554.5
1030,1.47924401720945,XP_006723077,XP_006723077.1,XM_006723014.5
1031,0.881510209193432,XP_006723466,XP_006723466.1,XM_006723403.5
1032,0.83852445872844,XP_006723896,XP_006723896.1,XM_006723833.5
1033,-1.67928082273662,XP_006724776,XP_006724776.1,XM_006724713.4
1034,1.45834705082354,XP_011507406,XP_011507406.1,XM_011509104.3
1035,2.06979030482932,XP_011508533,XP_011508533.1,XM_011510231.3
1036,1.82555183212179,XP_011509026,XP_011509026.1,XM_011510724.3
1037,2.18691501596216,XP_011509027,XP_011509027.1,XM_011510725.3
1038,2.34554196202175,XP_011509122,XP_011509122.1,XM_011510820.4
1039,1.019587307521,XP_011509136,XP_011509136.2,XM_011510834.2
1040,1.2328947826161,XP_011509411,XP_011509411.1,XM_011511109.3
1041,-1.06858675202798,XP_011510734,XP_011510734.1,XM_011512432.3
1042,-0.621415659111663,XP_011511369,XP_011511369.1,XM_011513067.4
1043,1.51018162555156,XP_011512764,XP_011512764.1,XM_011514462.4
1044,1.79252768066187,XP_011512770,XP_011512770.1,XM_011514468.4
1045,-1.26840739699768,XP_011513272,XP_011513272.1,XM_011514970.4
1046,-1.0843143996164,XP_011514947,XP_011514947.1,XM_011516645.4
1047,1.63920919350767,XP_011515246,XP_011515246.2,XM_011516944.3
1048,2.33231369468393,XP_011515350,XP_011515350.1,XM_011517048.3
1049,2.78077181927404,XP_011515351,XP_011515351.1,XM_011517049.3
1050,-0.872951900757283,XP_011515609,XP_011515609.1,XM_011517307.4
1051,0.947274690803147,XP_011516709,XP_011516709.1,XM_011518407.2
1052,1.13888385152803,XP_011517250,XP_011517250.1,XM_011518948.3
1053,2.27188052566664,XP_011517810,XP_011517810.1,XM_011519508.2
1054,-1.08472067051083,XP_011517922,XP_011517922.1,XM_011519620.4
1055,1.81671373561344,XP_011518444,XP_011518444.2,XM_011520142.3
1056,1.74561751052475,XP_011522797,XP_011522797.1,XM_011524495.4
1057,-2.64913305238334,XP_011523029,XP_011523029.1,XM_011524727.4
1058,1.52663166847639,XP_011523264,XP_011523264.1,XM_011524962.3
1059,1.3687020995299,XP_011526658,XP_011526658.1,XM_011528356.3
1060,2.96693221077277,XP_011528453,XP_011528453.1,XM_011530151.3
1061,1.51740574544134,XP_011528510,XP_011528510.1,XM_011530208.3
1062,1.31268549531868,XP_011528511,XP_011528511.1,XM_011530209.3
1063,0.992311486895617,XP_011528688,XP_011528688.1,XM_011530386.3
1064,1.95412343169511,XP_011531912,XP_011531912.1,XM_011533610.4
1065,1.94903230045898,XP_011533444,XP_011533444.1,XM_011535142.4
1066,1.13463836087071,XP_011533665,XP_011533665.1,XM_011535363.4
1067,-1.2123431975762,XP_011533887,XP_011533887.1,XM_011535585.3
1068,1.67240956688219,XP_011534173,XP_011534173.1,XM_011535871.3
1069,1.17780279340904,XP_011534174,XP_011534174.1,XM_011535872.3
1070,2.33636561653388,XP_011535096,XP_011535096.1,XM_011536794.3
1071,1.40202176117274,XP_011535118,XP_011535118.1,XM_011536816.4
1072,2.25039491280215,XP_011539360,XP_011539360.1,XM_011541058.4
1073,1.4918801224704,XP_011539490,XP_011539490.1,XM_011541188.4
1074,5.18958620602957,XP_011542375,XP_011542375.1,XM_011544073.3
1075,3.84770900200032,XP_011542811,XP_011542811.1,XM_011544509.3
1076,1.56316950164758,XP_011543043,XP_011543043.1,XM_011544741.2
1077,0.864839552306411,XP_016856855,XP_016856855.1,XM_017001366.3
1078,-0.619331986037397,XP_016858594,XP_016858594.1,XM_017003105.3
1079,2.66122460262587,XP_016859843,XP_016859843.1,XM_017004354.3
1080,1.99990414998103,XP_016859844,XP_016859844.1,XM_017004355.3
1081,2.62551793806018,XP_016859845,XP_016859845.1,XM_017004356.3
1082,0.532747214642227,XP_016861563,XP_016861563.1,XM_017006074.3
1083,0.982713423518163,XP_016861691,XP_016861691.1,XM_017006202.3
1084,1.54744201344016,XP_016863982,XP_016863982.1,XM_017008493.3
1085,1.33016076944939,XP_016864079,XP_016864079.1,XM_017008590.3
1086,1.4008426403529,XP_016864180,XP_016864180.1,XM_017008691.3
1087,0.839805359692508,XP_016864862,XP_016864862.1,XM_017009373.2
1088,1.99211807893419,XP_016864960,XP_016864960.1,XM_017009471.3
1089,-0.729575508995418,XP_016867287,XP_016867287.1,XM_017011798.3
1090,1.43929800294096,XP_016867486,XP_016867486.1,XM_017011997.2
1091,0.877080023267163,XP_016869783,XP_016869783.1,XM_017014294.2
1092,1.39668054163967,XP_016870424,XP_016870424.1,XM_017014935.2
1093,2.17048510806516,XP_016871316,XP_016871316.1,XM_017015827.3
1094,1.3745525158495,XP_016872400,XP_016872400.1,XM_017016911.3
1095,1.885565125848,XP_016872709,XP_016872709.1,XM_017017220.2
1096,2.30041689182236,XP_016874049,XP_016874049.1,XM_017018560.3
1097,1.87276044797493,XP_016874787,XP_016874787.1,XM_017019298.2
1098,2.9191829343346,XP_016874796,XP_016874796.1,XM_017019307.2
1099,0.791980794583032,XP_016875809,XP_016875809.1,XM_017020320.3
1100,3.2633864462804,XP_016876136,XP_016876136.1,XM_017020647.2
1101,2.00574634033154,XP_016876235,XP_016876235.1,XM_017020746.3
1102,2.56185161422981,XP_016877626,XP_016877626.1,XM_017022137.2
1103,1.12691031823222,XP_016878321,XP_016878321.1,XM_017022832.3
1104,1.44747120657426,XP_016878356,XP_016878356.1,XM_017022867.2
1105,0.720744971044291,XP_016878986,XP_016878986.1,XM_017023497.3
1106,1.7866262651432,XP_016879637,XP_016879637.1,XM_017024148.2
1107,2.38431273652221,XP_016879679,XP_016879679.1,XM_017024190.2
1108,1.17649361550428,XP_016880125,XP_016880125.1,XM_017024636.3
1109,1.21392596557287,XP_016881788,XP_016881788.1,XM_017026299.3
1110,1.37721156632873,XP_016882869,XP_016882869.1,XM_017027380.2
1111,1.69694606260703,XP_016882870,XP_016882870.1,XM_017027381.2
1112,0.681353095047982,XP_016884235,XP_016884235.1,XM_017028746.3
1113,0.592655218922225,XP_016884411,XP_016884411.1,XM_017028922.3
1114,0.900946521781511,XP_016884826,XP_016884826.1,XM_017029337.2
1115,1.2397562079018,XP_024302594,XP_024302594.1,XM_024446826.2
1116,1.29727928873307,XP_024304631,XP_024304631.1,XM_024448863.2
1117,4.03259476348032,XP_024304946,XP_024304946.1,XM_024449178.2
1118,1.18556906208013,XP_024305184,XP_024305184.2,XM_024449416.2
1119,3.74632294630849,XP_024308490,XP_024308490.1,XM_024452722.2
1120,2.28470111955322,XP_024308812,XP_024308812.1,XM_024453044.2
1121,2.27150304507249,XP_024308813,XP_024308813.1,XM_024453045.2
1122,2.35403149646512,XP_024309119,XP_024309119.1,XM_024453351.2
1123,2.13689448073555,XP_024309120,XP_024309120.1,XM_024453352.2
1124,1.43135425746543,XP_024309667,XP_024309667.1,XM_024453899.2
1125,1.14346225940488,XP_047271971,XP_047271971.1,XM_047416015.1
1126,1.79893662366001,XP_047272425,XP_047272425.1,XM_047416469.1
1127,-0.64994862466493,XP_047273342,XP_047273342.1,XM_047417386.1
1128,0.993066309382678,XP_047273404,XP_047273404.1,XM_047417448.1
1129,-0.711073042430566,XP_047273767,XP_047273767.1,XM_047417811.1
1130,1.47946146651248,XP_047273893,XP_047273893.1,XM_047417937.1
1131,4.50978697459647,XP_047274162,XP_047274162.1,XM_047418206.1
1132,2.75730559307822,XP_047274163,XP_047274163.1,XM_047418207.1
1133,-0.982322582732971,XP_047274264,XP_047274264.1,XM_047418308.1
1134,1.04581672805709,XP_047274566,XP_047274566.1,XM_047418610.1
1135,1.54318428833223,XP_047274648,XP_047274648.1,XM_047418692.1
1136,0.762322715726807,XP_047274670,XP_047274670.1,XM_047418714.1
1137,-0.766979560314819,XP_047275141,XP_047275141.1,XM_047419185.1
1138,-0.659184349886719,XP_047275167,XP_047275167.1,XM_047419211.1
1139,2.04505462904478,XP_047275631,XP_047275631.1,XM_047419675.1
1140,1.1169903560512,XP_047275978,XP_047275978.1,XM_047420022.1
1141,2.13166323426343,XP_047276048,XP_047276048.1,XM_047420092.1
1142,1.41439591270645,XP_047276282,XP_047276282.1,XM_047420326.1
1143,1.40005154981341,XP_047276300,XP_047276300.1,XM_047420344.1
1144,-0.713857615262705,XP_047276637,XP_047276637.1,XM_047420681.1
1145,-1.62425870411843,XP_047277007,XP_047277007.1,XM_047421051.1
1146,1.0528327877562,XP_047277119,XP_047277119.1,XM_047421163.1
1147,1.37721427746118,XP_047277153,XP_047277153.1,XM_047421197.1
1148,1.93905973759273,XP_047277363,XP_047277363.1,XM_047421407.1
1149,1.74464274037525,XP_047277545,XP_047277545.1,XM_047421589.1
1150,0.637666508038994,XP_047279196,XP_047279196.1,XM_047423240.1
1151,-1.11319127523789,XP_047279495,XP_047279495.1,XM_047423539.1
1152,0.60923683535565,XP_047279539,XP_047279539.1,XM_047423583.1
1153,2.19228891779188,XP_047280365,XP_047280365.1,XM_047424409.1
1154,-1.17340469022509,XP_047280798,XP_047280798.1,XM_047424842.1
1155,1.70616742050552,XP_047281197,XP_047281197.1,XM_047425241.1
1156,2.14748086738318,XP_047281742,XP_047281742.1,XM_047425786.1
1157,1.48913438907495,XP_047282316,XP_047282316.1,XM_047426360.1
1158,1.66927648528541,XP_047282319,XP_047282319.1,XM_047426363.1
1159,1.71855896928147,XP_047282332,XP_047282332.1,XM_047426376.1
1160,1.39667596875141,XP_047282377,XP_047282377.1,XM_047426421.1
1161,1.86159386381793,XP_047282511,XP_047282511.1,XM_047426555.1
1162,2.34689922480809,XP_047283588,XP_047283588.1,XM_047427632.1
1163,0.91729875912724,XP_047283664,XP_047283664.1,XM_047427708.1
1164,3.40421193334414,XP_047283671,XP_047283671.1,XM_047427715.1
1165,0.775614143725326,XP_047284696,XP_047284696.1,XM_047428740.1
1166,1.00366757925792,XP_047284880,XP_047284880.1,XM_047428924.1
1167,2.37157275526366,XP_047285456,XP_047285456.1,XM_047429500.1
1168,1.97685734724745,XP_047285850,XP_047285850.1,XM_047429894.1
1169,0.803750662745631,XP_047285852,XP_047285852.1,XM_047429896.1
1170,0.908562335233645,XP_047285946,XP_047285946.1,XM_047429990.1
1171,1.37237993586361,XP_047286745,XP_047286745.1,XM_047430789.1
1172,2.03383289131464,XP_047286750,XP_047286750.1,XM_047430794.1
1173,1.48796098937747,XP_047286758,XP_047286758.1,XM_047430802.1
1174,-1.24832719779174,XP_047286802,XP_047286802.1,XM_047430846.1
1175,2.25035953810086,XP_047287134,XP_047287134.1,XM_047431178.1
1176,3.59924240736036,XP_047287501,XP_047287501.1,XM_047431545.1
1177,2.19903953139488,XP_047287729,XP_047287729.1,XM_047431773.1
1178,1.96214216601532,XP_047287998,XP_047287998.1,XM_047432042.1
1179,1.79855725950033,XP_047288421,XP_047288421.1,XM_047432465.1
1180,1.11314638760512,XP_047289318,XP_047289318.1,XM_047433362.1
1181,-0.925507223709505,XP_047289582,XP_047289582.1,XM_047433626.1
1182,1.14099360640986,XP_047289610,XP_047289610.1,XM_047433654.1
1183,1.10271073944996,XP_047289641,XP_047289641.1,XM_047433685.1
1184,1.28009388894163,XP_047289643,XP_047289643.1,XM_047433687.1
1185,1.32768773877071,XP_047289644,XP_047289644.1,XM_047433688.1
1186,1.80514328080158,XP_047289773,XP_047289773.1,XM_047433817.1
1187,1.09086176025804,XP_047290316,XP_047290316.1,XM_047434360.1
1188,1.08485745978613,XP_047290530,XP_047290530.1,XM_047434574.1
1189,1.5338181585143,XP_047290558,XP_047290558.1,XM_047434602.1
1190,1.25671786542475,XP_047290559,XP_047290559.1,XM_047434603.1
1191,-1.98329176338719,XP_047290893,XP_047290893.1,XM_047434937.1
1192,2.97834678860631,XP_047290968,XP_047290968.1,XM_047435012.1
1193,2.71769707784884,XP_047291002,XP_047291002.1,XM_047435046.1
1194,1.28494651256884,XP_047291128,XP_047291128.1,XM_047435172.1
1195,1.1931377262701,XP_047291391,XP_047291391.1,XM_047435435.1
1196,1.20883997885858,XP_047291919,XP_047291919.1,XM_047435963.1
1197,-0.891714326454637,XP_047292102,XP_047292102.1,XM_047436146.1
1198,2.21693976462227,XP_047292137,XP_047292137.1,XM_047436181.1
1199,2.2012454270042,XP_047292140,XP_047292140.1,XM_047436184.1
1200,1.4172409812328,XP_047292153,XP_047292153.1,XM_047436197.1
1201,0.761864559680131,XP_047292691,XP_047292691.1,XM_047436735.1
1202,1.26566162179385,XP_047293072,XP_047293072.1,XM_047437116.1
1203,1.00947945148711,XP_047293210,XP_047293210.1,XM_047437254.1
1204,3.01066782293692,XP_047293220,XP_047293220.1,XM_047437264.1
1205,-1.00932080697498,XP_047293567,XP_047293567.1,XM_047437611.1
1206,1.5768530386605,XP_047294119,XP_047294119.1,XM_047438163.1
1207,1.45626931722363,XP_047294125,XP_047294125.1,XM_047438169.1
1208,1.49002242168209,XP_047294852,XP_047294852.1,XM_047438896.1
1209,2.03474373998025,XP_047295027,XP_047295027.1,XM_047439071.1
1210,2.78865513311377,XP_047295028,XP_047295028.1,XM_047439072.1
1211,2.4332557903334,XP_047295030,XP_047295030.1,XM_047439074.1
1212,2.32099884531667,XP_047295031,XP_047295031.1,XM_047439075.1
1213,2.77363049704282,XP_047295033,XP_047295033.1,XM_047439077.1
1214,1.50880565932201,XP_047295417,XP_047295417.1,XM_047439461.1
1215,1.37147923660114,XP_047295707,XP_047295707.1,XM_047439751.1
1216,2.28043157974222,XP_047296274,XP_047296274.1,XM_047440318.1
1217,-0.629833102356787,XP_047297470,XP_047297470.1,XM_047441514.1
1218,-1.06920946434959,XP_047297813,XP_047297813.1,XM_047441857.1
1219,2.15259189579447,XP_047298140,XP_047298140.1,XM_047442184.1
1220,1.87973524114274,XP_047298205,XP_047298205.1,XM_047442249.1
1221,1.8821968834193,XP_047298920,XP_047298920.1,XM_047442964.1
1222,-0.768558560773866,XP_047299272,XP_047299272.1,XM_047443316.1
1223,1.77319627804126,XP_047299686,XP_047299686.1,XM_047443730.1
1224,2.89489150562571,XP_047300551,XP_047300551.1,XM_047444595.1
1225,0.631471985442445,XP_047301154,XP_047301154.1,XM_047445198.1
1226,1.78911790524283,XP_047301922,XP_047301922.1,XM_047445966.1
1227,1.47998446527921,XP_047301927,XP_047301927.1,XM_047445971.1
1228,1.79670024769672,XP_047301976,XP_047301976.1,XM_047446020.1
1229,0.558543311141651,XP_047302115,XP_047302115.1,XM_047446159.1
1230,2.41541913694384,XP_047302116,XP_047302116.1,XM_047446160.1
1231,0.885836343548454,XP_047303249,XP_047303249.1,XM_047447293.1
1232,-0.892810235866494,XP_047303406,XP_047303406.1,XM_047447450.1
1233,2.28042793035645,XP_047303421,XP_047303421.1,XM_047447465.1
1234,0.825621420469726,XP_047303855,XP_047303855.1,XM_047447899.1
1235,1.24251602870768,XP_047303984,XP_047303984.1,XM_047448028.1
1236,0.784798482285066,XP_047304789,XP_047304789.1,XM_047448833.1
1237,1.14418132616963,XP_047304894,XP_047304894.1,XM_047448938.1
1238,-0.501776741472734,XP_047305149,XP_047305149.1,XM_047449193.1
1239,1.29191502876367,XP_047305381,XP_047305381.1,XM_047449425.1
1240,3.10674493975514,XP_047305484,XP_047305484.1,XM_047449528.1
1241,1.31061068391639,XP_054185553,XP_054185553.1,XM_054329578.1
1242,-0.797686483730542,XP_054185557,XP_054185557.1,XM_054329582.1
1243,-0.820655801310943,XP_054186320,XP_054186320.1,XM_054330345.1
1244,-0.963374062988655,XP_054186836,XP_054186836.1,XM_054330861.1
1245,-0.631832656467579,XP_054187987,XP_054187987.1,XM_054332012.1
1246,-1.02214488324103,XP_054188148,XP_054188148.1,XM_054332173.1
1247,-0.868905108115096,XP_054188449,XP_054188449.1,XM_054332474.1
1248,1.22843527232531,XP_054188984,XP_054188984.1,XM_054333009.1
1249,-1.18805242006374,XP_054189276,XP_054189276.1,XM_054333301.1
